This is pdfTeX, Version 3.141592653-2.6-1.40.28 (MiKTeX 25.12) (preloaded format=pdflatex 2026.6.8)  20 JUL 2026 20:10
entering extended mode
 restricted \write18 enabled.
 %&-line parsing enabled.
**./thesis.tex
(thesis.tex
LaTeX2e <2025-11-01>
L3 programming layer <2025-12-24>
(C:\Users\raffy\AppData\Local\Programs\MiKTeX\tex/latex/base\report.cls
Document Class: report 2025/01/22 v1.4n Standard LaTeX document class
(C:\Users\raffy\AppData\Local\Programs\MiKTeX\tex/latex/base\size12.clo
File: size12.clo 2025/01/22 v1.4n Standard LaTeX file (size option)
)
\c@part=\count275
\c@chapter=\count276
\c@section=\count277
\c@subsection=\count278
\c@subsubsection=\count279
\c@paragraph=\count280
\c@subparagraph=\count281
\c@figure=\count282
\c@table=\count283
\abovecaptionskip=\skip49
\belowcaptionskip=\skip50
\bibindent=\dimen148
)
(C:\Users\raffy\AppData\Local\Programs\MiKTeX\tex/latex/amscls\amsthm.sty
Package: amsthm 2020/05/29 v2.20.6
\thm@style=\toks17
\thm@bodyfont=\toks18
\thm@headfont=\toks19
\thm@notefont=\toks20
\thm@headpunct=\toks21
\thm@preskip=\skip51
\thm@postskip=\skip52
\thm@headsep=\skip53
\dth@everypar=\toks22
)
(C:\Users\raffy\AppData\Local\Programs\MiKTeX\tex/latex/amsmath\amsmath.sty
Package: amsmath 2025/07/09 v2.17z AMS math features
\@mathmargin=\skip54

For additional information on amsmath, use the `?' option.
(C:\Users\raffy\AppData\Local\Programs\MiKTeX\tex/latex/amsmath\amstext.sty
Package: amstext 2024/11/17 v2.01 AMS text

(C:\Users\raffy\AppData\Local\Programs\MiKTeX\tex/latex/amsmath\amsgen.sty
File: amsgen.sty 1999/11/30 v2.0 generic functions
\@emptytoks=\toks23
\ex@=\dimen149
))
(C:\Users\raffy\AppData\Local\Programs\MiKTeX\tex/latex/amsmath\amsbsy.sty
Package: amsbsy 1999/11/29 v1.2d Bold Symbols
\pmbraise@=\dimen150
)
(C:\Users\raffy\AppData\Local\Programs\MiKTeX\tex/latex/amsmath\amsopn.sty
Package: amsopn 2022/04/08 v2.04 operator names
)
\inf@bad=\count284
LaTeX Info: Redefining \frac on input line 233.
\uproot@=\count285
\leftroot@=\count286
LaTeX Info: Redefining \overline on input line 398.
LaTeX Info: Redefining \colon on input line 409.
\classnum@=\count287
\DOTSCASE@=\count288
LaTeX Info: Redefining \ldots on input line 495.
LaTeX Info: Redefining \dots on input line 498.
LaTeX Info: Redefining \cdots on input line 619.
\Mathstrutbox@=\box53
\strutbox@=\box54
LaTeX Info: Redefining \big on input line 721.
LaTeX Info: Redefining \Big on input line 722.
LaTeX Info: Redefining \bigg on input line 723.
LaTeX Info: Redefining \Bigg on input line 724.
\big@size=\dimen151
LaTeX Font Info:    Redeclaring font encoding OML on input line 742.
LaTeX Font Info:    Redeclaring font encoding OMS on input line 743.
\macc@depth=\count289
LaTeX Info: Redefining \bmod on input line 904.
LaTeX Info: Redefining \pmod on input line 909.
LaTeX Info: Redefining \smash on input line 939.
LaTeX Info: Redefining \relbar on input line 969.
LaTeX Info: Redefining \Relbar on input line 970.
\c@MaxMatrixCols=\count290
\dotsspace@=\muskip17
\c@parentequation=\count291
\dspbrk@lvl=\count292
\tag@help=\toks24
\row@=\count293
\column@=\count294
\maxfields@=\count295
\andhelp@=\toks25
\eqnshift@=\dimen152
\alignsep@=\dimen153
\tagshift@=\dimen154
\tagwidth@=\dimen155
\totwidth@=\dimen156
\lineht@=\dimen157
\@envbody=\toks26
\multlinegap=\skip55
\multlinetaggap=\skip56
\mathdisplay@stack=\toks27
LaTeX Info: Redefining \[ on input line 2950.
LaTeX Info: Redefining \] on input line 2951.
)
(C:\Users\raffy\AppData\Local\Programs\MiKTeX\tex/latex/amsfonts\amssymb.sty
Package: amssymb 2013/01/14 v3.01 AMS font symbols

(C:\Users\raffy\AppData\Local\Programs\MiKTeX\tex/latex/amsfonts\amsfonts.sty
Package: amsfonts 2013/01/14 v3.01 Basic AMSFonts support
\symAMSa=\mathgroup4
\symAMSb=\mathgroup5
LaTeX Font Info:    Redeclaring math symbol \hbar on input line 98.
LaTeX Font Info:    Overwriting math alphabet `\mathfrak' in version `bold'
(Font)                  U/euf/m/n --> U/euf/b/n on input line 106.
)) (C:\Users\raffy\AppData\Local\Programs\MiKTeX\tex/latex/lineno\lineno.sty
Package: lineno 2026/03/08 line numbers on paragraphs v5.9

(C:\Users\raffy\AppData\Local\Programs\MiKTeX\tex/latex/etoolbox\etoolbox.sty
Package: etoolbox 2025/10/02 v2.5m e-TeX tools for LaTeX (JAW)
\etb@tempcnta=\count296
)
(C:\Users\raffy\AppData\Local\Programs\MiKTeX\tex/latex/kvoptions\kvoptions.sty
Package: kvoptions 2022-06-15 v3.15 Key value format for package options (HO)
(C:\Users\raffy\AppData\Local\Programs\MiKTeX\tex/latex/graphics\keyval.sty
Package: keyval 2022/05/29 v1.15 key=value parser (DPC)
\KV@toks@=\toks28
)
(C:\Users\raffy\AppData\Local\Programs\MiKTeX\tex/generic/ltxcmds\ltxcmds.sty
Package: ltxcmds 2023-12-04 v1.26 LaTeX kernel commands for general use (HO)
)
(C:\Users\raffy\AppData\Local\Programs\MiKTeX\tex/latex/kvsetkeys\kvsetkeys.sty
Package: kvsetkeys 2022-10-05 v1.19 Key value parser (HO)
))
\linenopenalty=\count297
\output=\toks29
\linenoprevgraf=\count298
\linenumbersep=\dimen158
\linenumberwidth=\dimen159
\c@linenumber=\count299
\c@pagewiselinenumber=\count300
\c@LN@truepage=\count301
\c@internallinenumber=\count302
\c@internallinenumbers=\count303
\quotelinenumbersep=\dimen160
\bframerule=\dimen161
\bframesep=\dimen162
\bframebox=\box55
\@LN@amsmath@ams@eqpen=\count304
)
(C:\Users\raffy\AppData\Local\Programs\MiKTeX\tex/latex/multirow\multirow.sty
Package: multirow 2024/11/12 v2.9 Span multiple rows of a table
\multirow@colwidth=\skip57
\multirow@cntb=\count305
\multirow@dima=\skip58
\bigstrutjot=\dimen163
)
(C:\Users\raffy\AppData\Local\Programs\MiKTeX\tex/latex/booktabs\booktabs.sty
Package: booktabs 2020/01/12 v1.61803398 Publication quality tables
\heavyrulewidth=\dimen164
\lightrulewidth=\dimen165
\cmidrulewidth=\dimen166
\belowrulesep=\dimen167
\belowbottomsep=\dimen168
\aboverulesep=\dimen169
\abovetopsep=\dimen170
\cmidrulesep=\dimen171
\cmidrulekern=\dimen172
\defaultaddspace=\dimen173
\@cmidla=\count306
\@cmidlb=\count307
\@aboverulesep=\dimen174
\@belowrulesep=\dimen175
\@thisruleclass=\count308
\@lastruleclass=\count309
\@thisrulewidth=\dimen176
)
(C:\Users\raffy\AppData\Local\Programs\MiKTeX\tex/latex/graphics\graphicx.sty
Package: graphicx 2024/12/31 v1.2e Enhanced LaTeX Graphics (DPC,SPQR)

(C:\Users\raffy\AppData\Local\Programs\MiKTeX\tex/latex/graphics\graphics.sty
Package: graphics 2024/08/06 v1.4g Standard LaTeX Graphics (DPC,SPQR)

(C:\Users\raffy\AppData\Local\Programs\MiKTeX\tex/latex/graphics\trig.sty
Package: trig 2023/12/02 v1.11 sin cos tan (DPC)
)
(C:\Users\raffy\AppData\Local\Programs\MiKTeX\tex/latex/graphics-cfg\graphics.c
fg
File: graphics.cfg 2016/06/04 v1.11 sample graphics configuration
)
Package graphics Info: Driver file: pdftex.def on input line 106.

(C:\Users\raffy\AppData\Local\Programs\MiKTeX\tex/latex/graphics-def\pdftex.def
File: pdftex.def 2025/09/29 v1.2d Graphics/color driver for pdftex
))
\Gin@req@height=\dimen177
\Gin@req@width=\dimen178
) (C:\Users\raffy\AppData\Local\Programs\MiKTeX\tex/latex/float\float.sty
Package: float 2001/11/08 v1.3d Float enhancements (AL)
\c@float@type=\count310
\float@exts=\toks30
\float@box=\box56
\@float@everytoks=\toks31
\@floatcapt=\box57
)
(C:\Users\raffy\AppData\Local\Programs\MiKTeX\tex/latex/adjustbox\adjustbox.sty
Package: adjustbox 2025/02/26 v1.3c Adjusting TeX boxes (trim, clip, ...)
(C:\Users\raffy\AppData\Local\Programs\MiKTeX\tex/latex/xkeyval\xkeyval.sty
Package: xkeyval 2022/06/16 v2.9 package option processing (HA)

(C:\Users\raffy\AppData\Local\Programs\MiKTeX\tex/generic/xkeyval\xkeyval.tex
(C:\Users\raffy\AppData\Local\Programs\MiKTeX\tex/generic/xkeyval\xkvutils.tex
\XKV@toks=\toks32
\XKV@tempa@toks=\toks33
)
\XKV@depth=\count311
File: xkeyval.tex 2014/12/03 v2.7a key=value parser (HA)
))
(C:\Users\raffy\AppData\Local\Programs\MiKTeX\tex/latex/adjustbox\adjcalc.sty
Package: adjcalc 2012/05/16 v1.1 Provides advanced setlength with multiple back
-ends (calc, etex, pgfmath)
)
(C:\Users\raffy\AppData\Local\Programs\MiKTeX\tex/latex/adjustbox\trimclip.sty
Package: trimclip 2025/02/21 v1.2a Trim and clip general TeX material

(C:\Users\raffy\AppData\Local\Programs\MiKTeX\tex/latex/collectbox\collectbox.s
ty
Package: collectbox 2022/10/17 v0.4c Collect macro arguments as boxes
\collectedbox=\box58
)
\tc@llx=\dimen179
\tc@lly=\dimen180
\tc@urx=\dimen181
\tc@ury=\dimen182
Package trimclip Info: Using driver 'tc-pdftex.def'.

(C:\Users\raffy\AppData\Local\Programs\MiKTeX\tex/latex/adjustbox\tc-pdftex.def
File: tc-pdftex.def 2025/02/26 v2.3 Clipping driver for pdftex
))
\adjbox@Width=\dimen183
\adjbox@Height=\dimen184
\adjbox@Depth=\dimen185
\adjbox@Totalheight=\dimen186
\adjbox@pwidth=\dimen187
\adjbox@pheight=\dimen188
\adjbox@pdepth=\dimen189
\adjbox@ptotalheight=\dimen190

(C:\Users\raffy\AppData\Local\Programs\MiKTeX\tex/latex/ifoddpage\ifoddpage.sty
Package: ifoddpage 2022/10/18 v1.2 Conditionals for odd/even page detection
\c@checkoddpage=\count312
) (C:\Users\raffy\AppData\Local\Programs\MiKTeX\tex/latex/varwidth\varwidth.sty
Package: varwidth 2009/03/30 ver 0.92;  Variable-width minipages
\@vwid@box=\box59
\sift@deathcycles=\count313
\@vwid@loff=\dimen191
\@vwid@roff=\dimen192
)
==> First Aid for varwidth.sty applied!
) (C:\Users\raffy\AppData\Local\Programs\MiKTeX\tex/latex/hyperref\hyperref.sty
Package: hyperref 2025-07-12 v7.01o Hypertext links for LaTeX
(C:\Users\raffy\AppData\Local\Programs\MiKTeX\tex/generic/iftex\iftex.sty
Package: iftex 2024/12/12 v1.0g TeX engine tests
)
(C:\Users\raffy\AppData\Local\Programs\MiKTeX\tex/generic/kvdefinekeys\kvdefine
keys.sty
Package: kvdefinekeys 2019-12-19 v1.6 Define keys (HO)
)
(C:\Users\raffy\AppData\Local\Programs\MiKTeX\tex/generic/pdfescape\pdfescape.s
ty
Package: pdfescape 2019/12/09 v1.15 Implements pdfTeX's escape features (HO)

(C:\Users\raffy\AppData\Local\Programs\MiKTeX\tex/generic/pdftexcmds\pdftexcmds
.sty
Package: pdftexcmds 2020-06-27 v0.33 Utility functions of pdfTeX for LuaTeX (HO
)

(C:\Users\raffy\AppData\Local\Programs\MiKTeX\tex/generic/infwarerr\infwarerr.s
ty
Package: infwarerr 2019/12/03 v1.5 Providing info/warning/error messages (HO)
)
Package pdftexcmds Info: \pdf@primitive is available.
Package pdftexcmds Info: \pdf@ifprimitive is available.
Package pdftexcmds Info: \pdfdraftmode found.
))
(C:\Users\raffy\AppData\Local\Programs\MiKTeX\tex/latex/hycolor\hycolor.sty
Package: hycolor 2020-01-27 v1.10 Color options for hyperref/bookmark (HO)
)
(C:\Users\raffy\AppData\Local\Programs\MiKTeX\tex/latex/hyperref\nameref.sty
Package: nameref 2025-06-21 v2.57 Cross-referencing by name of section

(C:\Users\raffy\AppData\Local\Programs\MiKTeX\tex/latex/refcount\refcount.sty
Package: refcount 2019/12/15 v3.6 Data extraction from label references (HO)
)
(C:\Users\raffy\AppData\Local\Programs\MiKTeX\tex/generic/gettitlestring\gettit
lestring.sty
Package: gettitlestring 2019/12/15 v1.6 Cleanup title references (HO)
)
\c@section@level=\count314
)
(C:\Users\raffy\AppData\Local\Programs\MiKTeX\tex/generic/stringenc\stringenc.s
ty
Package: stringenc 2019/11/29 v1.12 Convert strings between diff. encodings (HO
)
)
\@linkdim=\dimen193
\Hy@linkcounter=\count315
\Hy@pagecounter=\count316
 (C:\Users\raffy\AppData\Local\Programs\MiKTeX\tex/latex/hyperref\pd1enc.def
File: pd1enc.def 2025-07-12 v7.01o Hyperref: PDFDocEncoding definition (HO)
Now handling font encoding PD1 ...
... no UTF-8 mapping file for font encoding PD1
) (C:\Users\raffy\AppData\Local\Programs\MiKTeX\tex/generic/intcalc\intcalc.sty
Package: intcalc 2019/12/15 v1.3 Expandable calculations with integers (HO)
)
\Hy@SavedSpaceFactor=\count317
 (C:\Users\raffy\AppData\Local\Programs\MiKTeX\tex/latex/hyperref\puenc.def
File: puenc.def 2025-07-12 v7.01o Hyperref: PDF Unicode definition (HO)
Now handling font encoding PU ...
... no UTF-8 mapping file for font encoding PU
)
Package hyperref Info: Option `final' set `true' on input line 4066.
Package hyperref Info: Hyper figures OFF on input line 4195.
Package hyperref Info: Link nesting OFF on input line 4200.
Package hyperref Info: Hyper index ON on input line 4203.
Package hyperref Info: Plain pages OFF on input line 4210.
Package hyperref Info: Backreferencing OFF on input line 4215.
Package hyperref Info: Implicit mode ON; LaTeX internals redefined.
Package hyperref Info: Bookmarks ON on input line 4462.
\c@Hy@tempcnt=\count318

(C:\Users\raffy\AppData\Local\Programs\MiKTeX\tex/latex/url\url.sty
\Urlmuskip=\muskip18
Package: url 2013/09/16  ver 3.4  Verb mode for urls, etc.
)
LaTeX Info: Redefining \url on input line 4801.
\XeTeXLinkMargin=\dimen194

(C:\Users\raffy\AppData\Local\Programs\MiKTeX\tex/generic/bitset\bitset.sty
Package: bitset 2019/12/09 v1.3 Handle bit-vector datatype (HO)

(C:\Users\raffy\AppData\Local\Programs\MiKTeX\tex/generic/bigintcalc\bigintcalc
.sty
Package: bigintcalc 2019/12/15 v1.5 Expandable calculations on big integers (HO
)
))
\Fld@menulength=\count319
\Field@Width=\dimen195
\Fld@charsize=\dimen196
Package hyperref Info: Hyper figures OFF on input line 6078.
Package hyperref Info: Link nesting OFF on input line 6083.
Package hyperref Info: Hyper index ON on input line 6086.
Package hyperref Info: backreferencing OFF on input line 6093.
Package hyperref Info: Link coloring OFF on input line 6098.
Package hyperref Info: Link coloring with OCG OFF on input line 6103.
Package hyperref Info: PDF/A mode OFF on input line 6108.
\Hy@abspage=\count320
\c@Item=\count321
\c@Hfootnote=\count322
)
Package hyperref Info: Driver (autodetected): hpdftex.

(C:\Users\raffy\AppData\Local\Programs\MiKTeX\tex/latex/hyperref\hpdftex.def
File: hpdftex.def 2025-07-12 v7.01o Hyperref driver for pdfTeX
\Fld@listcount=\count323
\c@bookmark@seq@number=\count324

(C:\Users\raffy\AppData\Local\Programs\MiKTeX\tex/latex/rerunfilecheck\rerunfil
echeck.sty
Package: rerunfilecheck 2025-06-21 v1.11 Rerun checks for auxiliary files (HO)

(C:\Users\raffy\AppData\Local\Programs\MiKTeX\tex/generic/uniquecounter\uniquec
ounter.sty
Package: uniquecounter 2019/12/15 v1.4 Provide unlimited unique counter (HO)
)
Package uniquecounter Info: New unique counter `rerunfilecheck' on input line 2
84.
)
\Hy@SectionHShift=\skip59
)
(C:\Users\raffy\AppData\Local\Programs\MiKTeX\tex/latex/tools\indentfirst.sty
Package: indentfirst 2023/07/02 v1.03 Indent first paragraph (DPC)
)
(C:\Users\raffy\AppData\Local\Programs\MiKTeX\tex/latex/tools\array.sty
Package: array 2025/09/25 v2.6n Tabular extension package (FMi)
\col@sep=\dimen197
\ar@mcellbox=\box60
\extrarowheight=\dimen198
\NC@list=\toks34
\extratabsurround=\skip60
\backup@length=\skip61
\ar@cellbox=\box61
)
(C:\Users\raffy\AppData\Local\Programs\MiKTeX\tex/latex/makecell\makecell.sty
Package: makecell 2009/08/03 V0.1e Managing of Tab Column Heads and Cells
\rotheadsize=\dimen199
\c@nlinenum=\count325
\TeXr@lab=\toks35
)
(C:\Users\raffy\AppData\Local\Programs\MiKTeX\tex/latex/xcolor\xcolor.sty
Package: xcolor 2024/09/29 v3.02 LaTeX color extensions (UK)

(C:\Users\raffy\AppData\Local\Programs\MiKTeX\tex/latex/graphics-cfg\color.cfg
File: color.cfg 2016/01/02 v1.6 sample color configuration
)
Package xcolor Info: Driver file: pdftex.def on input line 274.
(C:\Users\raffy\AppData\Local\Programs\MiKTeX\tex/latex/graphics\mathcolor.ltx)
Package xcolor Info: Model `cmy' substituted by `cmy0' on input line 1349.
Package xcolor Info: Model `hsb' substituted by `rgb' on input line 1353.
Package xcolor Info: Model `RGB' extended on input line 1365.
Package xcolor Info: Model `HTML' substituted by `rgb' on input line 1367.
Package xcolor Info: Model `Hsb' substituted by `hsb' on input line 1368.
Package xcolor Info: Model `tHsb' substituted by `hsb' on input line 1369.
Package xcolor Info: Model `HSB' substituted by `hsb' on input line 1370.
Package xcolor Info: Model `Gray' substituted by `gray' on input line 1371.
Package xcolor Info: Model `wave' substituted by `hsb' on input line 1372.
) (C:\Users\raffy\AppData\Local\Programs\MiKTeX\tex/latex/colortbl\colortbl.sty
Package: colortbl 2026/05/01 v1.0l Color table columns (DPC)
\everycr=\toks36
\minrowclearance=\skip62
\rownum=\count326
) (C:\Users\raffy\AppData\Local\Programs\MiKTeX\tex/latex/siunitx\siunitx.sty
Package: siunitx 2026-05-15 v3.5.5 A comprehensive (SI) units package
\l__siunitx_number_uncert_offset_int=\count327
\l__siunitx_number_exponent_fixed_int=\count328
\l__siunitx_number_min_decimal_int=\count329
\l__siunitx_number_min_integer_int=\count330
\l__siunitx_number_round_precision_int=\count331
\l__siunitx_number_lower_threshold_int=\count332
\l__siunitx_number_upper_threshold_int=\count333
\l__siunitx_number_group_first_int=\count334
\l__siunitx_number_group_size_int=\count335
\l__siunitx_number_group_min_int=\count336
\l__siunitx_number_group_minimum_int=\count337
\l__siunitx_compound_count_int=\count338

(C:\Users\raffy\AppData\Local\Programs\MiKTeX\tex/latex/translations\translatio
ns.sty
Package: translations 2022/02/05 v1.12 internationalization of LaTeX2e packages
 (CN)
)
\l__siunitx_table_tmp_box=\box62
\l__siunitx_table_tmp_dim=\dimen256
\l__siunitx_table_column_width_dim=\dimen257
\l__siunitx_table_integer_box=\box63
\l__siunitx_table_decimal_box=\box64
\l__siunitx_table_uncert_box=\box65
\l__siunitx_table_before_box=\box66
\l__siunitx_table_after_box=\box67
\l__siunitx_table_before_dim=\dimen258
\l__siunitx_table_carry_dim=\dimen259
\l__siunitx_unit_tmp_int=\count339
\l__siunitx_unit_position_int=\count340
\l__siunitx_unit_total_int=\count341
\l__siunitx_sexagesimal_tmp_dim=\dimen260
\l__siunitx_sexagesimal_marker_box=\box68
\l__siunitx_sexagesimal_unit_box=\box69
)
(C:\Users\raffy\AppData\Local\Programs\MiKTeX\tex/latex/caption\subcaption.sty
Package: subcaption 2023/07/28 v1.6b Sub-captions (AR)

(C:\Users\raffy\AppData\Local\Programs\MiKTeX\tex/latex/caption\caption.sty
Package: caption 2023/08/05 v3.6o Customizing captions (AR)

(C:\Users\raffy\AppData\Local\Programs\MiKTeX\tex/latex/caption\caption3.sty
Package: caption3 2023/07/31 v2.4d caption3 kernel (AR)
\caption@tempdima=\dimen261
\captionmargin=\dimen262
\caption@leftmargin=\dimen263
\caption@rightmargin=\dimen264
\caption@width=\dimen265
\caption@indent=\dimen266
\caption@parindent=\dimen267
\caption@hangindent=\dimen268
Package caption Info: Standard document class detected.
)
\c@caption@flags=\count342
\c@continuedfloat=\count343
Package caption Info: float package is loaded.
Package caption Info: hyperref package is loaded.
)
Package caption Info: New subtype `subfigure' on input line 238.
\c@subfigure=\count344
Package caption Info: New subtype `subtable' on input line 238.
\c@subtable=\count345
)
(C:\Users\raffy\AppData\Local\Programs\MiKTeX\tex/latex/algorithms\algorithm.st
y
Package: algorithm 2009/08/24 v0.1 Document Style `algorithm' - floating enviro
nment
 (C:\Users\raffy\AppData\Local\Programs\MiKTeX\tex/latex/base\ifthen.sty
Package: ifthen 2024/03/16 v1.1e Standard LaTeX ifthen package (DPC)
)
\@float@every@algorithm=\toks37
\c@algorithm=\count346
)
(C:\Users\raffy\AppData\Local\Programs\MiKTeX\tex/latex/algorithmicx\algpseudoc
ode.sty
Package: algpseudocode 

(C:\Users\raffy\AppData\Local\Programs\MiKTeX\tex/latex/algorithmicx\algorithmi
cx.sty
Package: algorithmicx 2005/04/27 v1.2 Algorithmicx

Document Style algorithmicx 1.2 - a greatly improved `algorithmic' style
\c@ALG@line=\count347
\c@ALG@rem=\count348
\c@ALG@nested=\count349
\ALG@tlm=\skip63
\ALG@thistlm=\skip64
\c@ALG@Lnr=\count350
\c@ALG@blocknr=\count351
\c@ALG@storecount=\count352
\c@ALG@tmpcounter=\count353
\ALG@tmplength=\skip65
)
Document Style - pseudocode environments for use with the `algorithmicx' style
) (C:\Users\raffy\AppData\Local\Programs\MiKTeX\tex/latex/pgfplots\pgfplots.sty

(C:\Users\raffy\AppData\Local\Programs\MiKTeX\tex/generic/pgfplots\pgfplots.rev
ision.tex)
Package: pgfplots 2021/05/15 v1.18.1 Data Visualization (1.18.1)

(C:\Users\raffy\AppData\Local\Programs\MiKTeX\tex/latex/pgf/frontendlayer\tikz.
sty
(C:\Users\raffy\AppData\Local\Programs\MiKTeX\tex/latex/pgf/basiclayer\pgf.sty
(C:\Users\raffy\AppData\Local\Programs\MiKTeX\tex/latex/pgf/utilities\pgfrcs.st
y
(C:\Users\raffy\AppData\Local\Programs\MiKTeX\tex/generic/pgf/utilities\pgfutil
-common.tex
\pgfutil@everybye=\toks38
\pgfutil@tempdima=\dimen269
\pgfutil@tempdimb=\dimen270
)
(C:\Users\raffy\AppData\Local\Programs\MiKTeX\tex/generic/pgf/utilities\pgfutil
-latex.def
\pgfutil@abb=\box70
)
(C:\Users\raffy\AppData\Local\Programs\MiKTeX\tex/generic/pgf/utilities\pgfrcs.
code.tex
(C:\Users\raffy\AppData\Local\Programs\MiKTeX\tex/generic/pgf\pgf.revision.tex)
Package: pgfrcs 2025-08-29 v3.1.11a (3.1.11a)
))
Package: pgf 2025-08-29 v3.1.11a (3.1.11a)

(C:\Users\raffy\AppData\Local\Programs\MiKTeX\tex/latex/pgf/basiclayer\pgfcore.
sty
(C:\Users\raffy\AppData\Local\Programs\MiKTeX\tex/latex/pgf/systemlayer\pgfsys.
sty
(C:\Users\raffy\AppData\Local\Programs\MiKTeX\tex/generic/pgf/systemlayer\pgfsy
s.code.tex
Package: pgfsys 2025-08-29 v3.1.11a (3.1.11a)

(C:\Users\raffy\AppData\Local\Programs\MiKTeX\tex/generic/pgf/utilities\pgfkeys
.code.tex
\pgfkeys@pathtoks=\toks39
\pgfkeys@temptoks=\toks40

(C:\Users\raffy\AppData\Local\Programs\MiKTeX\tex/generic/pgf/utilities\pgfkeys
libraryfiltered.code.tex
\pgfkeys@tmptoks=\toks41
))
\pgf@x=\dimen271
\pgf@y=\dimen272
\pgf@xa=\dimen273
\pgf@ya=\dimen274
\pgf@xb=\dimen275
\pgf@yb=\dimen276
\pgf@xc=\dimen277
\pgf@yc=\dimen278
\pgf@xd=\dimen279
\pgf@yd=\dimen280
\w@pgf@writea=\write3
\r@pgf@reada=\read2
\c@pgf@counta=\count354
\c@pgf@countb=\count355
\c@pgf@countc=\count356
\c@pgf@countd=\count357
\t@pgf@toka=\toks42
\t@pgf@tokb=\toks43
\t@pgf@tokc=\toks44
\pgf@sys@id@count=\count358

(C:\Users\raffy\AppData\Local\Programs\MiKTeX\tex/generic/pgf/systemlayer\pgf.c
fg
File: pgf.cfg 2025-08-29 v3.1.11a (3.1.11a)
)
Driver file for pgf: pgfsys-pdftex.def

(C:\Users\raffy\AppData\Local\Programs\MiKTeX\tex/generic/pgf/systemlayer\pgfsy
s-pdftex.def
File: pgfsys-pdftex.def 2025-08-29 v3.1.11a (3.1.11a)

(C:\Users\raffy\AppData\Local\Programs\MiKTeX\tex/generic/pgf/systemlayer\pgfsy
s-common-pdf.def
File: pgfsys-common-pdf.def 2025-08-29 v3.1.11a (3.1.11a)
)))
(C:\Users\raffy\AppData\Local\Programs\MiKTeX\tex/generic/pgf/systemlayer\pgfsy
ssoftpath.code.tex
File: pgfsyssoftpath.code.tex 2025-08-29 v3.1.11a (3.1.11a)
\pgfsyssoftpath@smallbuffer@items=\count359
\pgfsyssoftpath@bigbuffer@items=\count360
)
(C:\Users\raffy\AppData\Local\Programs\MiKTeX\tex/generic/pgf/systemlayer\pgfsy
sprotocol.code.tex
File: pgfsysprotocol.code.tex 2025-08-29 v3.1.11a (3.1.11a)
))
(C:\Users\raffy\AppData\Local\Programs\MiKTeX\tex/generic/pgf/basiclayer\pgfcor
e.code.tex
Package: pgfcore 2025-08-29 v3.1.11a (3.1.11a)

(C:\Users\raffy\AppData\Local\Programs\MiKTeX\tex/generic/pgf/math\pgfmath.code
.tex
(C:\Users\raffy\AppData\Local\Programs\MiKTeX\tex/generic/pgf/math\pgfmathutil.
code.tex)
(C:\Users\raffy\AppData\Local\Programs\MiKTeX\tex/generic/pgf/math\pgfmathparse
r.code.tex
\pgfmath@dimen=\dimen281
\pgfmath@count=\count361
\pgfmath@box=\box71
\pgfmath@toks=\toks45
\pgfmath@stack@operand=\toks46
\pgfmath@stack@operation=\toks47
)
(C:\Users\raffy\AppData\Local\Programs\MiKTeX\tex/generic/pgf/math\pgfmathfunct
ions.code.tex)
(C:\Users\raffy\AppData\Local\Programs\MiKTeX\tex/generic/pgf/math\pgfmathfunct
ions.basic.code.tex)
(C:\Users\raffy\AppData\Local\Programs\MiKTeX\tex/generic/pgf/math\pgfmathfunct
ions.trigonometric.code.tex)
(C:\Users\raffy\AppData\Local\Programs\MiKTeX\tex/generic/pgf/math\pgfmathfunct
ions.random.code.tex)
(C:\Users\raffy\AppData\Local\Programs\MiKTeX\tex/generic/pgf/math\pgfmathfunct
ions.comparison.code.tex)
(C:\Users\raffy\AppData\Local\Programs\MiKTeX\tex/generic/pgf/math\pgfmathfunct
ions.base.code.tex)
(C:\Users\raffy\AppData\Local\Programs\MiKTeX\tex/generic/pgf/math\pgfmathfunct
ions.round.code.tex)
(C:\Users\raffy\AppData\Local\Programs\MiKTeX\tex/generic/pgf/math\pgfmathfunct
ions.misc.code.tex)
(C:\Users\raffy\AppData\Local\Programs\MiKTeX\tex/generic/pgf/math\pgfmathfunct
ions.integerarithmetics.code.tex)
(C:\Users\raffy\AppData\Local\Programs\MiKTeX\tex/generic/pgf/math\pgfmathcalc.
code.tex)
(C:\Users\raffy\AppData\Local\Programs\MiKTeX\tex/generic/pgf/math\pgfmathfloat
.code.tex
\c@pgfmathroundto@lastzeros=\count362
))
(C:\Users\raffy\AppData\Local\Programs\MiKTeX\tex/generic/pgf/math\pgfint.code.
tex)
(C:\Users\raffy\AppData\Local\Programs\MiKTeX\tex/generic/pgf/basiclayer\pgfcor
epoints.code.tex
File: pgfcorepoints.code.tex 2025-08-29 v3.1.11a (3.1.11a)
\pgf@picminx=\dimen282
\pgf@picmaxx=\dimen283
\pgf@picminy=\dimen284
\pgf@picmaxy=\dimen285
\pgf@pathminx=\dimen286
\pgf@pathmaxx=\dimen287
\pgf@pathminy=\dimen288
\pgf@pathmaxy=\dimen289
\pgf@xx=\dimen290
\pgf@xy=\dimen291
\pgf@yx=\dimen292
\pgf@yy=\dimen293
\pgf@zx=\dimen294
\pgf@zy=\dimen295
)
(C:\Users\raffy\AppData\Local\Programs\MiKTeX\tex/generic/pgf/basiclayer\pgfcor
epathconstruct.code.tex
File: pgfcorepathconstruct.code.tex 2025-08-29 v3.1.11a (3.1.11a)
\pgf@path@lastx=\dimen296
\pgf@path@lasty=\dimen297
)
(C:\Users\raffy\AppData\Local\Programs\MiKTeX\tex/generic/pgf/basiclayer\pgfcor
epathusage.code.tex
File: pgfcorepathusage.code.tex 2025-08-29 v3.1.11a (3.1.11a)
\pgf@shorten@end@additional=\dimen298
\pgf@shorten@start@additional=\dimen299
)
(C:\Users\raffy\AppData\Local\Programs\MiKTeX\tex/generic/pgf/basiclayer\pgfcor
escopes.code.tex
File: pgfcorescopes.code.tex 2025-08-29 v3.1.11a (3.1.11a)
\pgfpic=\box72
\pgf@hbox=\box73
\pgf@layerbox@main=\box74
\pgf@picture@serial@count=\count363
)
(C:\Users\raffy\AppData\Local\Programs\MiKTeX\tex/generic/pgf/basiclayer\pgfcor
egraphicstate.code.tex
File: pgfcoregraphicstate.code.tex 2025-08-29 v3.1.11a (3.1.11a)
\pgflinewidth=\dimen300
)
(C:\Users\raffy\AppData\Local\Programs\MiKTeX\tex/generic/pgf/basiclayer\pgfcor
etransformations.code.tex
File: pgfcoretransformations.code.tex 2025-08-29 v3.1.11a (3.1.11a)
\pgf@pt@x=\dimen301
\pgf@pt@y=\dimen302
\pgf@pt@temp=\dimen303
)
(C:\Users\raffy\AppData\Local\Programs\MiKTeX\tex/generic/pgf/basiclayer\pgfcor
equick.code.tex
File: pgfcorequick.code.tex 2025-08-29 v3.1.11a (3.1.11a)
)
(C:\Users\raffy\AppData\Local\Programs\MiKTeX\tex/generic/pgf/basiclayer\pgfcor
eobjects.code.tex
File: pgfcoreobjects.code.tex 2025-08-29 v3.1.11a (3.1.11a)
)
(C:\Users\raffy\AppData\Local\Programs\MiKTeX\tex/generic/pgf/basiclayer\pgfcor
epathprocessing.code.tex
File: pgfcorepathprocessing.code.tex 2025-08-29 v3.1.11a (3.1.11a)
)
(C:\Users\raffy\AppData\Local\Programs\MiKTeX\tex/generic/pgf/basiclayer\pgfcor
earrows.code.tex
File: pgfcorearrows.code.tex 2025-08-29 v3.1.11a (3.1.11a)
\pgfarrowsep=\dimen304
)
(C:\Users\raffy\AppData\Local\Programs\MiKTeX\tex/generic/pgf/basiclayer\pgfcor
eshade.code.tex
File: pgfcoreshade.code.tex 2025-08-29 v3.1.11a (3.1.11a)
\pgf@max=\dimen305
\pgf@sys@shading@range@num=\count364
\pgf@shadingcount=\count365
)
(C:\Users\raffy\AppData\Local\Programs\MiKTeX\tex/generic/pgf/basiclayer\pgfcor
eimage.code.tex
File: pgfcoreimage.code.tex 2025-08-29 v3.1.11a (3.1.11a)
)
(C:\Users\raffy\AppData\Local\Programs\MiKTeX\tex/generic/pgf/basiclayer\pgfcor
eexternal.code.tex
File: pgfcoreexternal.code.tex 2025-08-29 v3.1.11a (3.1.11a)
\pgfexternal@startupbox=\box75
)
(C:\Users\raffy\AppData\Local\Programs\MiKTeX\tex/generic/pgf/basiclayer\pgfcor
elayers.code.tex
File: pgfcorelayers.code.tex 2025-08-29 v3.1.11a (3.1.11a)
)
(C:\Users\raffy\AppData\Local\Programs\MiKTeX\tex/generic/pgf/basiclayer\pgfcor
etransparency.code.tex
File: pgfcoretransparency.code.tex 2025-08-29 v3.1.11a (3.1.11a)
)
(C:\Users\raffy\AppData\Local\Programs\MiKTeX\tex/generic/pgf/basiclayer\pgfcor
epatterns.code.tex
File: pgfcorepatterns.code.tex 2025-08-29 v3.1.11a (3.1.11a)
)
(C:\Users\raffy\AppData\Local\Programs\MiKTeX\tex/generic/pgf/basiclayer\pgfcor
erdf.code.tex
File: pgfcorerdf.code.tex 2025-08-29 v3.1.11a (3.1.11a)
)))
(C:\Users\raffy\AppData\Local\Programs\MiKTeX\tex/generic/pgf/modules\pgfmodule
shapes.code.tex
File: pgfmoduleshapes.code.tex 2025-08-29 v3.1.11a (3.1.11a)
\pgfnodeparttextbox=\box76
)
(C:\Users\raffy\AppData\Local\Programs\MiKTeX\tex/generic/pgf/modules\pgfmodule
plot.code.tex
File: pgfmoduleplot.code.tex 2025-08-29 v3.1.11a (3.1.11a)
)
(C:\Users\raffy\AppData\Local\Programs\MiKTeX\tex/latex/pgf/compatibility\pgfco
mp-version-0-65.sty
Package: pgfcomp-version-0-65 2025-08-29 v3.1.11a (3.1.11a)
\pgf@nodesepstart=\dimen306
\pgf@nodesepend=\dimen307
)
(C:\Users\raffy\AppData\Local\Programs\MiKTeX\tex/latex/pgf/compatibility\pgfco
mp-version-1-18.sty
Package: pgfcomp-version-1-18 2025-08-29 v3.1.11a (3.1.11a)
))
(C:\Users\raffy\AppData\Local\Programs\MiKTeX\tex/latex/pgf/utilities\pgffor.st
y
(C:\Users\raffy\AppData\Local\Programs\MiKTeX\tex/latex/pgf/utilities\pgfkeys.s
ty
(C:\Users\raffy\AppData\Local\Programs\MiKTeX\tex/generic/pgf/utilities\pgfkeys
.code.tex))
(C:\Users\raffy\AppData\Local\Programs\MiKTeX\tex/latex/pgf/math\pgfmath.sty
(C:\Users\raffy\AppData\Local\Programs\MiKTeX\tex/generic/pgf/math\pgfmath.code
.tex))
(C:\Users\raffy\AppData\Local\Programs\MiKTeX\tex/generic/pgf/utilities\pgffor.
code.tex
Package: pgffor 2025-08-29 v3.1.11a (3.1.11a)
\pgffor@iter=\dimen308
\pgffor@skip=\dimen309
\pgffor@stack=\toks48
\pgffor@toks=\toks49
))
(C:\Users\raffy\AppData\Local\Programs\MiKTeX\tex/generic/pgf/frontendlayer/tik
z\tikz.code.tex
Package: tikz 2025-08-29 v3.1.11a (3.1.11a)

(C:\Users\raffy\AppData\Local\Programs\MiKTeX\tex/generic/pgf/libraries\pgflibr
aryplothandlers.code.tex
File: pgflibraryplothandlers.code.tex 2025-08-29 v3.1.11a (3.1.11a)
\pgf@plot@mark@count=\count366
\pgfplotmarksize=\dimen310
)
\tikz@lastx=\dimen311
\tikz@lasty=\dimen312
\tikz@lastxsaved=\dimen313
\tikz@lastysaved=\dimen314
\tikz@lastmovetox=\dimen315
\tikz@lastmovetoy=\dimen316
\tikzleveldistance=\dimen317
\tikzsiblingdistance=\dimen318
\tikz@figbox=\box77
\tikz@figbox@bg=\box78
\tikz@tempbox=\box79
\tikz@tempbox@bg=\box80
\tikztreelevel=\count367
\tikznumberofchildren=\count368
\tikznumberofcurrentchild=\count369
\tikz@fig@count=\count370

(C:\Users\raffy\AppData\Local\Programs\MiKTeX\tex/generic/pgf/modules\pgfmodule
matrix.code.tex
File: pgfmodulematrix.code.tex 2025-08-29 v3.1.11a (3.1.11a)
\pgfmatrixcurrentrow=\count371
\pgfmatrixcurrentcolumn=\count372
\pgf@matrix@numberofcolumns=\count373
)
\tikz@expandcount=\count374

(C:\Users\raffy\AppData\Local\Programs\MiKTeX\tex/generic/pgf/frontendlayer/tik
z/libraries\tikzlibrarytopaths.code.tex
File: tikzlibrarytopaths.code.tex 2025-08-29 v3.1.11a (3.1.11a)
)))
(C:\Users\raffy\AppData\Local\Programs\MiKTeX\tex/generic/pgfplots\pgfplots.cod
e.tex
(C:\Users\raffy\AppData\Local\Programs\MiKTeX\tex/generic/pgfplots\pgfplotscore
.code.tex
\t@pgfplots@toka=\toks50
\t@pgfplots@tokb=\toks51
\t@pgfplots@tokc=\toks52
\pgfplots@tmpa=\dimen319
\c@pgfplots@coordindex=\count375
\c@pgfplots@scanlineindex=\count376

(C:\Users\raffy\AppData\Local\Programs\MiKTeX\tex/generic/pgfplots/sys\pgfplots
sysgeneric.code.tex))
(C:\Users\raffy\AppData\Local\Programs\MiKTeX\tex/generic/pgfplots/libs\pgfplot
slibrary.code.tex)
(C:\Users\raffy\AppData\Local\Programs\MiKTeX\tex/generic/pgfplots/oldpgfcompat
ib\pgfplotsoldpgfsupp_loader.code.tex
(C:\Users\raffy\AppData\Local\Programs\MiKTeX\tex/generic/pgf/libraries\pgflibr
aryfpu.code.tex)
Package pgfplots: loading complementary utilities for your pgf version...
\t@pgf@toka=\toks53
\t@pgf@tokb=\toks54
\t@pgf@tokc=\toks55

(C:\Users\raffy\AppData\Local\Programs\MiKTeX\tex/generic/pgfplots/oldpgfcompat
ib\pgfplotsoldpgfsupp_pgfutil-common-lists.tex))
(C:\Users\raffy\AppData\Local\Programs\MiKTeX\tex/generic/pgfplots/util\pgfplot
sutil.code.tex
(C:\Users\raffy\AppData\Local\Programs\MiKTeX\tex/generic/pgfplots/liststructur
e\pgfplotsliststructure.code.tex)
(C:\Users\raffy\AppData\Local\Programs\MiKTeX\tex/generic/pgfplots/liststructur
e\pgfplotsliststructureext.code.tex)
(C:\Users\raffy\AppData\Local\Programs\MiKTeX\tex/generic/pgfplots/liststructur
e\pgfplotsarray.code.tex
\c@pgfplotsarray@tmp=\count377
)
(C:\Users\raffy\AppData\Local\Programs\MiKTeX\tex/generic/pgfplots/liststructur
e\pgfplotsmatrix.code.tex)
(C:\Users\raffy\AppData\Local\Programs\MiKTeX\tex/generic/pgfplots/numtable\pgf
plotstableshared.code.tex
\c@pgfplotstable@counta=\count378
\t@pgfplotstable@a=\toks56
)
(C:\Users\raffy\AppData\Local\Programs\MiKTeX\tex/generic/pgfplots/liststructur
e\pgfplotsdeque.code.tex)
(C:\Users\raffy\AppData\Local\Programs\MiKTeX\tex/generic/pgfplots/util\pgfplot
sbinary.code.tex
(C:\Users\raffy\AppData\Local\Programs\MiKTeX\tex/generic/pgfplots/util\pgfplot
sbinary.data.code.tex))
(C:\Users\raffy\AppData\Local\Programs\MiKTeX\tex/generic/pgfplots/util\pgfplot
sutil.verb.code.tex)
(C:\Users\raffy\AppData\Local\Programs\MiKTeX\tex/generic/pgfplots/libs\pgflibr
arypgfplots.surfshading.code.tex
\c@pgfplotslibrarysurf@no=\count379

(C:\Users\raffy\AppData\Local\Programs\MiKTeX\tex/generic/pgfplots/sys\pgflibra
rypgfplots.surfshading.pgfsys-pdftex.def)))
(C:\Users\raffy\AppData\Local\Programs\MiKTeX\tex/generic/pgfplots/util\pgfplot
scolormap.code.tex
(C:\Users\raffy\AppData\Local\Programs\MiKTeX\tex/generic/pgfplots/util\pgfplot
scolor.code.tex))
(C:\Users\raffy\AppData\Local\Programs\MiKTeX\tex/generic/pgfplots\pgfplotsstac
kedplots.code.tex)
(C:\Users\raffy\AppData\Local\Programs\MiKTeX\tex/generic/pgfplots\pgfplotsplot
handlers.code.tex
(C:\Users\raffy\AppData\Local\Programs\MiKTeX\tex/generic/pgfplots\pgfplotsmesh
plothandler.code.tex
(C:\Users\raffy\AppData\Local\Programs\MiKTeX\tex/generic/pgfplots\pgfplotsmesh
plotimage.code.tex)))
(C:\Users\raffy\AppData\Local\Programs\MiKTeX\tex/generic/pgfplots\pgfplots.sca
ling.code.tex)
(C:\Users\raffy\AppData\Local\Programs\MiKTeX\tex/generic/pgfplots\pgfplotscoor
dprocessing.code.tex)
(C:\Users\raffy\AppData\Local\Programs\MiKTeX\tex/generic/pgfplots\pgfplots.err
orbars.code.tex)
(C:\Users\raffy\AppData\Local\Programs\MiKTeX\tex/generic/pgfplots\pgfplots.mar
kers.code.tex)
(C:\Users\raffy\AppData\Local\Programs\MiKTeX\tex/generic/pgfplots\pgfplotstick
s.code.tex)
(C:\Users\raffy\AppData\Local\Programs\MiKTeX\tex/generic/pgfplots\pgfplots.pat
hs.code.tex)
(C:\Users\raffy\AppData\Local\Programs\MiKTeX\tex/generic/pgf/frontendlayer/tik
z/libraries\tikzlibrarydecorations.code.tex
(C:\Users\raffy\AppData\Local\Programs\MiKTeX\tex/generic/pgf/modules\pgfmodule
decorations.code.tex
\pgfdecoratedcompleteddistance=\dimen320
\pgfdecoratedremainingdistance=\dimen321
\pgfdecoratedinputsegmentcompleteddistance=\dimen322
\pgfdecoratedinputsegmentremainingdistance=\dimen323
\pgf@decorate@distancetomove=\dimen324
\pgf@decorate@repeatstate=\count380
\pgfdecorationsegmentamplitude=\dimen325
\pgfdecorationsegmentlength=\dimen326
)
\tikz@lib@dec@box=\box81
)
(C:\Users\raffy\AppData\Local\Programs\MiKTeX\tex/generic/pgf/frontendlayer/tik
z/libraries\tikzlibrarydecorations.pathmorphing.code.tex
(C:\Users\raffy\AppData\Local\Programs\MiKTeX\tex/generic/pgf/libraries/decorat
ions\pgflibrarydecorations.pathmorphing.code.tex))
(C:\Users\raffy\AppData\Local\Programs\MiKTeX\tex/generic/pgf/frontendlayer/tik
z/libraries\tikzlibrarydecorations.pathreplacing.code.tex
(C:\Users\raffy\AppData\Local\Programs\MiKTeX\tex/generic/pgf/libraries/decorat
ions\pgflibrarydecorations.pathreplacing.code.tex))
(C:\Users\raffy\AppData\Local\Programs\MiKTeX\tex/generic/pgfplots/libs\tikzlib
rarypgfplots.contourlua.code.tex)
\pgfplots@numplots=\count381
\pgfplots@xmin@reg=\dimen327
\pgfplots@xmax@reg=\dimen328
\pgfplots@ymin@reg=\dimen329
\pgfplots@ymax@reg=\dimen330
\pgfplots@zmin@reg=\dimen331
\pgfplots@zmax@reg=\dimen332
)
(C:\Users\raffy\AppData\Local\Programs\MiKTeX\tex/generic/pgf/frontendlayer/tik
z/libraries\tikzlibraryplotmarks.code.tex
File: tikzlibraryplotmarks.code.tex 2025-08-29 v3.1.11a (3.1.11a)

(C:\Users\raffy\AppData\Local\Programs\MiKTeX\tex/generic/pgf/libraries\pgflibr
aryplotmarks.code.tex
File: pgflibraryplotmarks.code.tex 2025-08-29 v3.1.11a (3.1.11a)
)))
(C:\Users\raffy\AppData\Local\Programs\MiKTeX\tex/generic/pgf/libraries\pgflibr
aryarrows.meta.code.tex
File: pgflibraryarrows.meta.code.tex 2025-08-29 v3.1.11a (3.1.11a)
\pgfarrowinset=\dimen333
\pgfarrowlength=\dimen334
\pgfarrowwidth=\dimen335
\pgfarrowlinewidth=\dimen336
)
(C:\Users\raffy\AppData\Local\Programs\MiKTeX\tex/generic/pgf/frontendlayer/tik
z/libraries\tikzlibrarypositioning.code.tex
File: tikzlibrarypositioning.code.tex 2025-08-29 v3.1.11a (3.1.11a)
)
(C:\Users\raffy\AppData\Local\Programs\MiKTeX\tex/generic/pgf/frontendlayer/tik
z/libraries\tikzlibraryshapes.geometric.code.tex
File: tikzlibraryshapes.geometric.code.tex 2025-08-29 v3.1.11a (3.1.11a)

(C:\Users\raffy\AppData\Local\Programs\MiKTeX\tex/generic/pgf/libraries/shapes\
pgflibraryshapes.geometric.code.tex
File: pgflibraryshapes.geometric.code.tex 2025-08-29 v3.1.11a (3.1.11a)
))
(C:\Users\raffy\AppData\Local\Programs\MiKTeX\tex/latex/base\fontenc.sty
Package: fontenc 2025/07/18 v2.1d Standard LaTeX package
)
(C:\Users\raffy\AppData\Local\Programs\MiKTeX\tex/latex/base\inputenc.sty
Package: inputenc 2024/02/08 v1.3d Input encoding file
\inpenc@prehook=\toks57
\inpenc@posthook=\toks58
)
(C:\Users\raffy\AppData\Local\Programs\MiKTeX\tex/latex/listings\listings.sty
\lst@mode=\count382
\lst@gtempboxa=\box82
\lst@token=\toks59
\lst@length=\count383
\lst@currlwidth=\dimen337
\lst@column=\count384
\lst@pos=\count385
\lst@lostspace=\dimen338
\lst@width=\dimen339
\lst@newlines=\count386
\lst@lineno=\count387
\lst@maxwidth=\dimen340

(C:\Users\raffy\AppData\Local\Programs\MiKTeX\tex/latex/listings\lstpatch.sty
File: lstpatch.sty 2025/11/14 1.11b (Carsten Heinz)
)
(C:\Users\raffy\AppData\Local\Programs\MiKTeX\tex/latex/listings\lstmisc.sty
File: lstmisc.sty 2025/11/14 1.11b (Carsten Heinz)
\c@lstnumber=\count388
\lst@skipnumbers=\count389
\lst@framebox=\box83
)
(C:\Users\raffy\AppData\Local\Programs\MiKTeX\tex/latex/listings\listings.cfg
File: listings.cfg 2025/11/14 1.11b listings configuration
))
Package: listings 2025/11/14 1.11b (Carsten Heinz)
==> First Aid for listings.sty no longer applied!
    Expected:
        2024/09/23 1.10c (Carsten Heinz)
    but found:
        2025/11/14 1.11b (Carsten Heinz)
    so I'm assuming it got fixed.
(C:\Users\raffy\AppData\Local\Programs\MiKTeX\tex/latex/listings\lstlang1.sty
File: lstlang1.sty 2025/11/14 1.11b listings language file
)
(C:\Users\raffy\AppData\Local\Programs\MiKTeX\tex/latex/biblatex\biblatex.sty
Package: biblatex 2025/07/10 v3.21 programmable bibliographies (PK/MW)

(C:\Users\raffy\AppData\Local\Programs\MiKTeX\tex/latex/logreq\logreq.sty
Package: logreq 2010/08/04 v1.0 xml request logger
\lrq@indent=\count390

(C:\Users\raffy\AppData\Local\Programs\MiKTeX\tex/latex/logreq\logreq.def
File: logreq.def 2010/08/04 v1.0 logreq spec v1.0
))
\c@tabx@nest=\count391
\c@listtotal=\count392
\c@listcount=\count393
\c@liststart=\count394
\c@liststop=\count395
\c@citecount=\count396
\c@citetotal=\count397
\c@multicitecount=\count398
\c@multicitetotal=\count399
\c@instcount=\count400
\c@maxnames=\count401
\c@minnames=\count402
\c@maxitems=\count403
\c@minitems=\count404
\c@citecounter=\count405
\c@maxcitecounter=\count406
\c@savedcitecounter=\count407
\c@uniquelist=\count408
\c@uniquename=\count409
\c@refsection=\count410
\c@refsegment=\count411
\c@maxextratitle=\count412
\c@maxextratitleyear=\count413
\c@maxextraname=\count414
\c@maxextradate=\count415
\c@maxextraalpha=\count416
\c@abbrvpenalty=\count417
\c@highnamepenalty=\count418
\c@lownamepenalty=\count419
\c@maxparens=\count420
\c@parenlevel=\count421
\blx@tempcnta=\count422
\blx@tempcntb=\count423
\blx@tempcntc=\count424
\c@blx@maxsection=\count425
\blx@maxsegment@0=\count426
\blx@notetype=\count427
\blx@parenlevel@text=\count428
\blx@parenlevel@foot=\count429
\blx@sectionciteorder@0=\count430
\blx@sectionciteorderinternal@0=\count431
\blx@entrysetcounter=\count432
\blx@biblioinstance=\count433
\labelnumberwidth=\skip66
\labelalphawidth=\skip67
\biblabelsep=\skip68
\bibitemsep=\skip69
\bibnamesep=\skip70
\bibinitsep=\skip71
\bibparsep=\skip72
\bibhang=\skip73
\blx@bcfin=\read3
\blx@bcfout=\write4
\blx@langwohyphens=\language79
\c@mincomprange=\count434
\c@maxcomprange=\count435
\c@mincompwidth=\count436
Package biblatex Info: Trying to load biblatex default data model...
Package biblatex Info: ... file 'blx-dm.def' found.

(C:\Users\raffy\AppData\Local\Programs\MiKTeX\tex/latex/biblatex\blx-dm.def
File: blx-dm.def 2025/07/10 v3.21 biblatex datamodel (PK/MW)
)
Package biblatex Info: Trying to load biblatex style data model...
Package biblatex Info: ... file 'numeric.dbx' not found.
Package biblatex Info: Trying to load biblatex custom data model...
Package biblatex Info: ... file 'biblatex-dm.cfg' not found.
\c@afterword=\count437
\c@savedafterword=\count438
\c@annotator=\count439
\c@savedannotator=\count440
\c@author=\count441
\c@savedauthor=\count442
\c@bookauthor=\count443
\c@savedbookauthor=\count444
\c@commentator=\count445
\c@savedcommentator=\count446
\c@editor=\count447
\c@savededitor=\count448
\c@editora=\count449
\c@savededitora=\count450
\c@editorb=\count451
\c@savededitorb=\count452
\c@editorc=\count453
\c@savededitorc=\count454
\c@foreword=\count455
\c@savedforeword=\count456
\c@holder=\count457
\c@savedholder=\count458
\c@introduction=\count459
\c@savedintroduction=\count460
\c@namea=\count461
\c@savednamea=\count462
\c@nameb=\count463
\c@savednameb=\count464
\c@namec=\count465
\c@savednamec=\count466
\c@translator=\count467
\c@savedtranslator=\count468
\c@shortauthor=\count469
\c@savedshortauthor=\count470
\c@shorteditor=\count471
\c@savedshorteditor=\count472
\c@labelname=\count473
\c@savedlabelname=\count474
\c@institution=\count475
\c@savedinstitution=\count476
\c@lista=\count477
\c@savedlista=\count478
\c@listb=\count479
\c@savedlistb=\count480
\c@listc=\count481
\c@savedlistc=\count482
\c@listd=\count483
\c@savedlistd=\count484
\c@liste=\count485
\c@savedliste=\count486
\c@listf=\count487
\c@savedlistf=\count488
\c@location=\count489
\c@savedlocation=\count490
\c@organization=\count491
\c@savedorganization=\count492
\c@origlocation=\count493
\c@savedoriglocation=\count494
\c@origpublisher=\count495
\c@savedorigpublisher=\count496
\c@publisher=\count497
\c@savedpublisher=\count498
\c@language=\count499
\c@savedlanguage=\count500
\c@origlanguage=\count501
\c@savedoriglanguage=\count502
\c@pageref=\count503
\c@savedpageref=\count504
\shorthandwidth=\skip74
\shortjournalwidth=\skip75
\shortserieswidth=\skip76
\shorttitlewidth=\skip77
\shortauthorwidth=\skip78
\shorteditorwidth=\skip79
\locallabelnumberwidth=\skip80
\locallabelalphawidth=\skip81
\localshorthandwidth=\skip82
\localshortjournalwidth=\skip83
\localshortserieswidth=\skip84
\localshorttitlewidth=\skip85
\localshortauthorwidth=\skip86
\localshorteditorwidth=\skip87
Package biblatex Info: Trying to load compatibility code...
Package biblatex Info: ... file 'blx-compat.def' found.

(C:\Users\raffy\AppData\Local\Programs\MiKTeX\tex/latex/biblatex\blx-compat.def
File: blx-compat.def 2025/07/10 v3.21 biblatex compatibility (PK/MW)
)
Package biblatex Info: Trying to load generic definitions...
Package biblatex Info: ... file 'biblatex.def' found.
 (C:\Users\raffy\AppData\Local\Programs\MiKTeX\tex/latex/biblatex\biblatex.def
File: biblatex.def 2025/07/10 v3.21 biblatex compatibility (PK/MW)
\c@textcitecount=\count505
\c@textcitetotal=\count506
\c@textcitemaxnames=\count507
\c@biburlbigbreakpenalty=\count508
\c@biburlbreakpenalty=\count509
\c@biburlnumpenalty=\count510
\c@biburlucpenalty=\count511
\c@biburllcpenalty=\count512
\biburlbigskip=\muskip19
\biburlnumskip=\muskip20
\biburlucskip=\muskip21
\biburllcskip=\muskip22
\c@smartand=\count513
)
Package biblatex Info: Trying to load bibliography style 'numeric'...
Package biblatex Info: ... file 'numeric.bbx' found.

(C:\Users\raffy\AppData\Local\Programs\MiKTeX\tex/latex/biblatex/bbx\numeric.bb
x
File: numeric.bbx 2025/07/10 v3.21 biblatex bibliography style (PK/MW)
Package biblatex Info: Trying to load bibliography style 'standard'...
Package biblatex Info: ... file 'standard.bbx' found.

(C:\Users\raffy\AppData\Local\Programs\MiKTeX\tex/latex/biblatex/bbx\standard.b
bx
File: standard.bbx 2025/07/10 v3.21 biblatex bibliography style (PK/MW)
\c@bbx:relatedcount=\count514
\c@bbx:relatedtotal=\count515
))
Package biblatex Info: Trying to load citation style 'authoryear'...
Package biblatex Info: ... file 'authoryear.cbx' found.

(C:\Users\raffy\AppData\Local\Programs\MiKTeX\tex/latex/biblatex/cbx\authoryear
.cbx
File: authoryear.cbx 2025/07/10 v3.21 biblatex citation style (PK/MW)
Package biblatex Info: Redefining '\cite'.
Package biblatex Info: Redefining '\parencite'.
Package biblatex Info: Redefining '\footcite'.
Package biblatex Info: Redefining '\footcitetext'.
Package biblatex Info: Redefining '\smartcite'.
Package biblatex Info: Redefining '\textcite'.
Package biblatex Info: Redefining '\textcites'.
)
Package biblatex Info: Trying to load configuration file...
Package biblatex Info: ... file 'biblatex.cfg' found.

(C:\Users\raffy\AppData\Local\Programs\MiKTeX\tex/latex/biblatex\biblatex.cfg
File: biblatex.cfg 
)
Package biblatex Info: Input encoding 'utf8' detected.
Package biblatex Info: Document encoding is UTF8 ....

(C:\Users\raffy\AppData\Local\Programs\MiKTeX\tex/latex/l3kernel\expl3.sty
Package: expl3 2025-12-24 L3 programming layer (loader) 

(C:\Users\raffy\AppData\Local\Programs\MiKTeX\tex/latex/l3backend\l3backend-pdf
tex.def
File: l3backend-pdftex.def 2025-10-09 L3 backend support: PDF output (pdfTeX)
\l__color_backend_stack_int=\count516
))
Package biblatex Info: ... and expl3
(biblatex)             2025-12-24 L3 programming layer (loader) 
(biblatex)             is new enough (at least 2020/04/06),
(biblatex)             setting 'casechanger=expl3'.

(C:\Users\raffy\AppData\Local\Programs\MiKTeX\tex/latex/biblatex\blx-case-expl3
.sty
(C:\Users\raffy\AppData\Local\Programs\MiKTeX\tex/latex/l3packages/xparse\xpars
e.sty
Package: xparse 2025-10-09 L3 Experimental document command parser
)
Package: blx-case-expl3 2025/07/10 v3.21 expl3 case changing code for biblatex
)) (_internals/uithesis.sty
(C:\Users\raffy\AppData\Local\Programs\MiKTeX\tex/latex/tocbibind\tocbibind.sty
Package: tocbibind 2026/06/01 v1.5l extra ToC listings
Package tocbibind Info: The document has chapter divisions on input line 50.

Package tocbibind Note: Using chapter style headings, unless overridden.

)
Package hyperref Info: Option `colorlinks' set `false' on input line 56.
Package hyperref Info: Option `bookmarksopen' set `false' on input line 56.
Package hyperref Info: Option `bookmarksnumbered' set `true' on input line 56.
 (C:\Users\raffy\AppData\Local\Programs\MiKTeX\tex/latex/setspace\setspace.sty
Package: setspace 2022/12/04 v6.7b set line spacing
) (C:\Users\raffy\AppData\Local\Programs\MiKTeX\tex/latex/geometry\geometry.sty
Package: geometry 2026/03/07 v6.0 Page Geometry
(C:\Users\raffy\AppData\Local\Programs\MiKTeX\tex/generic/iftex\ifvtex.sty
Package: ifvtex 2019/10/25 v1.7 ifvtex legacy package. Use iftex instead.
)
\Gm@cnth=\count517
\Gm@cntv=\count518
\c@Gm@tempcnt=\count519
\Gm@bindingoffset=\dimen341
\Gm@wd@mp=\dimen342
\Gm@odd@mp=\dimen343
\Gm@even@mp=\dimen344
\Gm@layoutwidth=\dimen345
\Gm@layoutheight=\dimen346
\Gm@layouthoffset=\dimen347
\Gm@layoutvoffset=\dimen348
\Gm@dimlist=\toks60

(C:\Users\raffy\AppData\Local\Programs\MiKTeX\tex/latex/geometry\geometry.cfg))
(C:\Users\raffy\AppData\Local\Programs\MiKTeX\tex/latex/tools\bm.sty
Package: bm 2025/10/21 v1.2g Bold Symbol Support (DPC/FMi)
\symboldoperators=\mathgroup6
\symboldletters=\mathgroup7
\symboldsymbols=\mathgroup8
Package bm Info: No bold for \OMX/cmex/m/n, using \pmb.
Package bm Info: No bold for \U/msa/m/n, using \pmb.
Package bm Info: No bold for \U/msb/m/n, using \pmb.
LaTeX Font Info:    Redeclaring math alphabet \mathbf on input line 149.
)
(C:\Users\raffy\AppData\Local\Programs\MiKTeX\tex/latex/pslatex\pslatex.sty
Package: pslatex 2021/01/13 v1.3 pslatex emulation (DPC)
LaTeX Encoding Info:    Redeclaring text command \textsterling (encoding ?) on 
input line 51.
LaTeX Font Info:    Redeclaring symbol font `operators' on input line 66.
LaTeX Font Info:    Overwriting symbol font `operators' in version `normal'
(Font)                  OT1/cmr/m/n --> OT1/ptmcm/m/n on input line 66.
LaTeX Font Info:    Overwriting symbol font `operators' in version `bold'
(Font)                  OT1/cmr/bx/n --> OT1/ptmcm/m/n on input line 66.
LaTeX Font Info:    Redeclaring symbol font `letters' on input line 67.
LaTeX Font Info:    Overwriting symbol font `letters' in version `normal'
(Font)                  OML/cmm/m/it --> OML/ptmcm/m/it on input line 67.
LaTeX Font Info:    Overwriting symbol font `letters' in version `bold'
(Font)                  OML/cmm/b/it --> OML/ptmcm/m/it on input line 67.
LaTeX Font Info:    Redeclaring symbol font `symbols' on input line 68.
LaTeX Font Info:    Overwriting symbol font `symbols' in version `normal'
(Font)                  OMS/cmsy/m/n --> OMS/pzccm/m/n on input line 68.
LaTeX Font Info:    Overwriting symbol font `symbols' in version `bold'
(Font)                  OMS/cmsy/b/n --> OMS/pzccm/m/n on input line 68.
LaTeX Font Info:    Redeclaring symbol font `largesymbols' on input line 69.
LaTeX Font Info:    Overwriting symbol font `largesymbols' in version `normal'
(Font)                  OMX/cmex/m/n --> OMX/psycm/m/n on input line 69.
LaTeX Font Info:    Overwriting symbol font `largesymbols' in version `bold'
(Font)                  OMX/cmex/m/n --> OMX/psycm/m/n on input line 69.
\symbold=\mathgroup9
\symitalic=\mathgroup10
LaTeX Font Info:    Redeclaring math alphabet \mathbf on input line 75.
LaTeX Font Info:    Redeclaring math alphabet \mathit on input line 76.
LaTeX Font Info:    Overwriting math alphabet `\mathit' in version `normal'
(Font)                  OT1/cmr/m/it --> OT1/ptm/m/it on input line 76.
LaTeX Font Info:    Overwriting math alphabet `\mathit' in version `bold'
(Font)                  OT1/cmr/bx/it --> OT1/ptm/m/it on input line 76.
)
(C:\Users\raffy\AppData\Local\Programs\MiKTeX\tex/latex/fancyhdr\fancyhdr.sty
Package: fancyhdr 2025/02/07 v5.2 Extensive control of page headers and footers

\f@nch@headwidth=\skip88
\f@nch@offset@elh=\skip89
\f@nch@offset@erh=\skip90
\f@nch@offset@olh=\skip91
\f@nch@offset@orh=\skip92
\f@nch@offset@elf=\skip93
\f@nch@offset@erf=\skip94
\f@nch@offset@olf=\skip95
\f@nch@offset@orf=\skip96
\f@nch@height=\skip97
\f@nch@footalignment=\skip98
\f@nch@widthL=\skip99
\f@nch@widthC=\skip100
\f@nch@widthR=\skip101
\@temptokenb=\toks61
)
(C:\Users\raffy\AppData\Local\Programs\MiKTeX\tex/latex/pdfpages\pdfpages.sty
Package: pdfpages 2026/03/30 v0.6h Insert pages of external PDF documents (AM)

(C:\Users\raffy\AppData\Local\Programs\MiKTeX\tex/latex/tools\calc.sty
Package: calc 2025/03/01 v4.3b Infix arithmetic (KKT,FJ)
\calc@Acount=\count520
\calc@Bcount=\count521
\calc@Adimen=\dimen349
\calc@Bdimen=\dimen350
\calc@Askip=\skip102
\calc@Bskip=\skip103
LaTeX Info: Redefining \setlength on input line 86.
LaTeX Info: Redefining \addtolength on input line 87.
\calc@Ccount=\count522
\calc@Cskip=\skip104
)
(C:\Users\raffy\AppData\Local\Programs\MiKTeX\tex/latex/eso-pic\eso-pic.sty
Package: eso-pic 2026/05/31 v3.0e eso-pic (RN)
\ESO@tempdima=\dimen351
\ESO@tempdimb=\dimen352
)
\AM@pagewidth=\dimen353
\AM@pageheight=\dimen354
\AM@fboxrule=\dimen355

(C:\Users\raffy\AppData\Local\Programs\MiKTeX\tex/latex/pdfpages\pppdftex.def
File: pppdftex.def 2026/03/30 v0.6h Pdfpages driver for pdfTeX (AM)
)
\pdfpages@includegraphics@status=\count523
\AM@pagebox=\box84
\AM@global@opts=\toks62
\AM@pagecnt=\count524
\AM@toc@title=\toks63
\AM@lof@heading=\toks64
\c@AM@survey=\count525
\AM@templatesizebox=\box85
) (_internals/fncychap.sty

LaTeX Warning: You have requested package `_internals/fncychap',
               but the package provides `fncychap'.

Package: fncychap 2007/07/30 v1.34 LaTeX package (Revised chapters)
\RW=\skip105
\mylen=\skip106
\myhi=\skip107
\px=\skip108
\py=\skip109
\pyy=\skip110
\pxx=\skip111
) (C:\Users\raffy\AppData\Local\Programs\MiKTeX\tex/latex/units\nicefrac.sty
Package: nicefrac 1998/08/04 v0.9b Nice fractions
\L@UnitsRaiseDisplaystyle=\skip112
\L@UnitsRaiseTextstyle=\skip113
\L@UnitsRaiseScriptstyle=\skip114
)
(C:\Users\raffy\AppData\Local\Programs\MiKTeX\tex/latex/tocloft\tocloft.sty
Package: tocloft 2017/08/31 v2.3i parameterised ToC, etc., typesetting
Package tocloft Info: The document has chapter divisions on input line 51.
\cftparskip=\skip115
\cftbeforetoctitleskip=\skip116
\cftaftertoctitleskip=\skip117
\cftbeforepartskip=\skip118
\cftpartnumwidth=\skip119
\cftpartindent=\skip120
\cftbeforechapskip=\skip121
\cftchapindent=\skip122
\cftchapnumwidth=\skip123
\cftbeforesecskip=\skip124
\cftsecindent=\skip125
\cftsecnumwidth=\skip126
\cftbeforesubsecskip=\skip127
\cftsubsecindent=\skip128
\cftsubsecnumwidth=\skip129
\cftbeforesubsubsecskip=\skip130
\cftsubsubsecindent=\skip131
\cftsubsubsecnumwidth=\skip132
\cftbeforeparaskip=\skip133
\cftparaindent=\skip134
\cftparanumwidth=\skip135
\cftbeforesubparaskip=\skip136
\cftsubparaindent=\skip137
\cftsubparanumwidth=\skip138
\cftbeforeloftitleskip=\skip139
\cftafterloftitleskip=\skip140
\cftbeforefigskip=\skip141
\cftfigindent=\skip142
\cftfignumwidth=\skip143
\c@lofdepth=\count526
\c@lotdepth=\count527
\cftbeforelottitleskip=\skip144
\cftafterlottitleskip=\skip145
\cftbeforetabskip=\skip146
\cfttabindent=\skip147
\cfttabnumwidth=\skip148
)
\c@listing=\count528
\cftbeforelistingskip=\skip149
\cftlistingindent=\skip150
\cftlistingnumwidth=\skip151
\c@loldepth=\count529
\cftbeforeloltitleskip=\skip152
\cftafterloltitleskip=\skip153

(C:\Users\raffy\AppData\Local\Programs\MiKTeX\tex/latex/minted\minted.sty
Package: minted 2026/03/03 v3.8.0 Yet another Pygments shim for LaTeX

(C:\Users\raffy\AppData\Local\Programs\MiKTeX\tex/generic/catchfile\catchfile.s
ty
Package: catchfile 2019/12/09 v1.8 Catch the contents of a file (HO)

(C:\Users\raffy\AppData\Local\Programs\MiKTeX\tex/generic/etexcmds\etexcmds.sty
Package: etexcmds 2019/12/15 v1.7 Avoid name clashes with e-TeX commands (HO)
)) (C:\Users\raffy\AppData\Local\Programs\MiKTeX\tex/latex/fvextra\fvextra.sty
Package: fvextra 2026/02/25 v1.14.0 fvextra - extensions and patches for fancyv
rb

(C:\Users\raffy\AppData\Local\Programs\MiKTeX\tex/latex/fancyvrb\fancyvrb.sty
Package: fancyvrb 2026/04/16 4.6a verbatim text (tvz,hv)
\FV@CodeLineNo=\count530
\FV@InFile=\read4
\FV@TabBox=\box86
\c@FancyVerbLine=\count531
\FV@StepNumber=\count532
\FV@OutFile=\write5
)
(C:\Users\raffy\AppData\Local\Programs\MiKTeX\tex/latex/upquote\upquote.sty
Package: upquote 2012/04/19 v1.3 upright-quote and grave-accent glyphs in verba
tim

(C:\Users\raffy\AppData\Local\Programs\MiKTeX\tex/latex/base\textcomp.sty
Package: textcomp 2024/04/24 v2.1b Standard LaTeX package
))
\c@FancyVerbWriteLine=\count533
\c@FancyVerbBufferLine=\count534
\c@FV@TrueTabGroupLevel=\count535
\c@FV@TrueTabCounter=\count536
\FV@TabBox@Group=\box87
\FV@bgcolorstructbox=\box88
\FV@TmpLength=\skip154
\c@FV@HighlightLinesStart=\count537
\c@FV@HighlightLinesStop=\count538
\FV@LoopCount=\count539
\FV@NCharsBox=\box89
\FV@BreakIndent=\dimen356
\FV@BreakIndentNChars=\count540
\FV@BreakSymbolSepLeft=\dimen357
\FV@BreakSymbolSepLeftNChars=\count541
\FV@BreakSymbolSepRight=\dimen358
\FV@BreakSymbolSepRightNChars=\count542
\FV@BreakSymbolIndentLeft=\dimen359
\FV@BreakSymbolIndentLeftNChars=\count543
\FV@BreakSymbolIndentRight=\dimen360
\FV@BreakSymbolIndentRightNChars=\count544
\c@FancyVerbLineBreakLast=\count545
\FV@LineBox=\box90
\FV@LineIndentBox=\box91
\c@FV@BreakBufferDepth=\count546
\FV@LineWidth=\dimen361
)
(C:\Users\raffy\AppData\Local\Programs\MiKTeX\tex/latex/latex2pydata\latex2pyda
ta.sty
Package: latex2pydata 2026/02/25 v0.7.0 latex2pydata - write data to file in Py
thon literal format
)
(C:\Users\raffy\AppData\Local\Programs\MiKTeX\tex/latex/pgfopts\pgfopts.sty
Package: pgfopts 2014/07/10 v2.1a LaTeX package options with pgfkeys
\pgfopts@list@add@a@toks=\toks65
\pgfopts@list@add@b@toks=\toks66
)
(C:\Users\raffy\AppData\Local\Programs\MiKTeX\tex/latex/tools\shellesc.sty
Package: shellesc 2023/07/08 v1.0d unified shell escape interface for LaTeX
Package shellesc Info: Restricted shell escape enabled on input line 77.
)

Package minted Warning: Package option "final" no longer has any effect with mi
nted v3+ on input line 317.

(C:\Users\raffy\AppData\Local\Programs\MiKTeX\tex/latex/newfloat\newfloat.sty
Package: newfloat 2023/10/01 v1.2 Defining new floating environments (AR)
Package newfloat Info: Unsupported document class, or \@chapter 
(newfloat)             was already redefined by another package.
Package newfloat Info: \@chapter = macro:->\def \Hy@next {\Hy@MakeCurrentHrefAu
to {\Hy@chapapp *}\Hy@raisedlink {\hyper@anchorstart {\@currentHref }\hyper@anc
horend }}\ifnum \c@secnumdepth >\m@ne \@ifundefined {if@mainmatter}\iftrue {\cs
name if@mainmatter\endcsname }\let \Hy@next \relax \fi \fi \Hy@next \Hy@org@cha
pter .
Package newfloat Info: \Hy@org@chapter = macro:[#1]#2->\NR@gettitle {#1}\NR@cha
pter [{#1}]{#2}.
Package newfloat Info: \algocf@original@chapter = undefined.
)
\c@minted@FancyVerbLineTemp=\count547
Package newfloat Info: New float `listing' with options `fileext=lol,placement=
tbp' on input line 1985.
Package newfloat Info: \c@listing is already defined on input line 1985.
Package newfloat Info: float type `listing'=8 on input line 1985.
Package newfloat Info: \listoflisting is already defined on input line 1985.
Package newfloat Info: \l@listing is already defined on input line 1985.
Package newfloat Info: \ext@listing is already defined on input line 1985.
Package newfloat Info: \c@loldepth is already defined on input line 1985.
Package caption Info: New subtype `sublisting' on input line 1985.
\c@sublisting=\count548
) (C:\Users\raffy\AppData\Local\Programs\MiKTeX\tex/latex/mdframed\mdframed.sty
Package: mdframed 2013/07/01 1.9b: mdframed

(C:\Users\raffy\AppData\Local\Programs\MiKTeX\tex/latex/zref\zref-abspage.sty
Package: zref-abspage 2026-03-07 v2.37 Module abspage for zref (HO)

(C:\Users\raffy\AppData\Local\Programs\MiKTeX\tex/latex/zref\zref-base.sty
Package: zref-base 2026-03-07 v2.37 Module base for zref (HO)

(C:\Users\raffy\AppData\Local\Programs\MiKTeX\tex/latex/auxhook\auxhook.sty
Package: auxhook 2019-12-17 v1.6 Hooks for auxiliary files (HO)
)
Package zref Info: New property list: main on input line 767.
Package zref Info: New property: default on input line 768.
Package zref Info: New property: page on input line 769.
)
\c@abspage=\count549
Package zref Info: New property: abspage on input line 67.
)
(C:\Users\raffy\AppData\Local\Programs\MiKTeX\tex/latex/needspace\needspace.sty
Package: needspace 2025/03/13 v1.3e reserve vertical space
)
\mdf@templength=\skip155
\c@mdf@globalstyle@cnt=\count550
\mdf@skipabove@length=\skip156
\mdf@skipbelow@length=\skip157
\mdf@leftmargin@length=\skip158
\mdf@rightmargin@length=\skip159
\mdf@innerleftmargin@length=\skip160
\mdf@innerrightmargin@length=\skip161
\mdf@innertopmargin@length=\skip162
\mdf@innerbottommargin@length=\skip163
\mdf@splittopskip@length=\skip164
\mdf@splitbottomskip@length=\skip165
\mdf@outermargin@length=\skip166
\mdf@innermargin@length=\skip167
\mdf@linewidth@length=\skip168
\mdf@innerlinewidth@length=\skip169
\mdf@middlelinewidth@length=\skip170
\mdf@outerlinewidth@length=\skip171
\mdf@roundcorner@length=\skip172
\mdf@footenotedistance@length=\skip173
\mdf@userdefinedwidth@length=\skip174
\mdf@needspace@length=\skip175
\mdf@frametitleaboveskip@length=\skip176
\mdf@frametitlebelowskip@length=\skip177
\mdf@frametitlerulewidth@length=\skip178
\mdf@frametitleleftmargin@length=\skip179
\mdf@frametitlerightmargin@length=\skip180
\mdf@shadowsize@length=\skip181
\mdf@extratopheight@length=\skip182
\mdf@subtitleabovelinewidth@length=\skip183
\mdf@subtitlebelowlinewidth@length=\skip184
\mdf@subtitleaboveskip@length=\skip185
\mdf@subtitlebelowskip@length=\skip186
\mdf@subtitleinneraboveskip@length=\skip187
\mdf@subtitleinnerbelowskip@length=\skip188
\mdf@subsubtitleabovelinewidth@length=\skip189
\mdf@subsubtitlebelowlinewidth@length=\skip190
\mdf@subsubtitleaboveskip@length=\skip191
\mdf@subsubtitlebelowskip@length=\skip192
\mdf@subsubtitleinneraboveskip@length=\skip193
\mdf@subsubtitleinnerbelowskip@length=\skip194

(C:\Users\raffy\AppData\Local\Programs\MiKTeX\tex/latex/mdframed\md-frame-1.mdf
File: md-frame-1.mdf 2013/07/01\ 1.9b: md-frame-1
)
\mdf@frametitlebox=\box92
\mdf@footnotebox=\box93
\mdf@splitbox@one=\box94
\mdf@splitbox@two=\box95
\mdf@splitbox@save=\box96
\mdfsplitboxwidth=\skip195
\mdfsplitboxtotalwidth=\skip196
\mdfsplitboxheight=\skip197
\mdfsplitboxdepth=\skip198
\mdfsplitboxtotalheight=\skip199
\mdfframetitleboxwidth=\skip256
\mdfframetitleboxtotalwidth=\skip257
\mdfframetitleboxheight=\skip258
\mdfframetitleboxdepth=\skip259
\mdfframetitleboxtotalheight=\skip260
\mdffootnoteboxwidth=\skip261
\mdffootnoteboxtotalwidth=\skip262
\mdffootnoteboxheight=\skip263
\mdffootnoteboxdepth=\skip264
\mdffootnoteboxtotalheight=\skip265
\mdftotallinewidth=\skip266
\mdfboundingboxwidth=\skip267
\mdfboundingboxtotalwidth=\skip268
\mdfboundingboxheight=\skip269
\mdfboundingboxdepth=\skip270
\mdfboundingboxtotalheight=\skip271
\mdf@freevspace@length=\skip272
\mdf@horizontalwidthofbox@length=\skip273
\mdf@verticalmarginwhole@length=\skip274
\mdf@horizontalspaceofbox=\skip275
\mdfsubtitleheight=\skip276
\mdfsubsubtitleheight=\skip277
\c@mdfcountframes=\count551

****** mdframed patching \endmdf@trivlist

****** -- success******

\mdf@envdepth=\count552
\c@mdf@env@i=\count553
\c@mdf@env@ii=\count554
\c@mdf@zref@counter=\count555
Package zref Info: New property: mdf@pagevalue on input line 895.
)) (_internals/hype.indonesia.tex) (settings.tex) (istilah.tex)
Package translations Info: No language package found. I am going to use `englis
h' as default language. on input line 144.
\@quotelevel=\count556
\@quotereset=\count557
 (thesis.aux

LaTeX Warning: Label `sec:bert' multiply defined.

)
\openout1 = `thesis.aux'.

LaTeX Font Info:    Checking defaults for OML/cmm/m/it on input line 144.
LaTeX Font Info:    ... okay on input line 144.
LaTeX Font Info:    Checking defaults for OMS/pzccm/m/n on input line 144.
LaTeX Font Info:    Trying to load font information for OMS+pzccm on input line
 144.
 (C:\Users\raffy\AppData\Local\Programs\MiKTeX\tex/latex/psnfss\omspzccm.fd
File: omspzccm.fd 2000/01/03 Fontinst v1.801 font definitions for OMS/pzccm.
)
LaTeX Font Info:    ... okay on input line 144.
LaTeX Font Info:    Checking defaults for OT1/cmr/m/n on input line 144.
LaTeX Font Info:    ... okay on input line 144.
LaTeX Font Info:    Checking defaults for T1/cmr/m/n on input line 144.
LaTeX Font Info:    ... okay on input line 144.
LaTeX Font Info:    Checking defaults for TS1/cmr/m/n on input line 144.
LaTeX Font Info:    ... okay on input line 144.
LaTeX Font Info:    Checking defaults for OMX/cmex/m/n on input line 144.
LaTeX Font Info:    ... okay on input line 144.
LaTeX Font Info:    Checking defaults for U/cmr/m/n on input line 144.
LaTeX Font Info:    ... okay on input line 144.
LaTeX Font Info:    Checking defaults for PD1/pdf/m/n on input line 144.
LaTeX Font Info:    ... okay on input line 144.
LaTeX Font Info:    Checking defaults for PU/pdf/m/n on input line 144.
LaTeX Font Info:    ... okay on input line 144.

(C:\Users\raffy\AppData\Local\Programs\MiKTeX\tex/context/base/mkii\supp-pdf.mk
ii
[Loading MPS to PDF converter (version 2006.09.02).]
\scratchcounter=\count558
\scratchdimen=\dimen362
\scratchbox=\box97
\nofMPsegments=\count559
\nofMParguments=\count560
\everyMPshowfont=\toks67
\MPscratchCnt=\count561
\MPscratchDim=\dimen363
\MPnumerator=\count562
\makeMPintoPDFobject=\count563
\everyMPtoPDFconversion=\toks68
)
(C:\Users\raffy\AppData\Local\Programs\MiKTeX\tex/latex/epstopdf-pkg\epstopdf-b
ase.sty
Package: epstopdf-base 2020-01-24 v2.11 Base part for package epstopdf
Package epstopdf-base Info: Redefining graphics rule for `.eps' on input line 4
85.

(C:\Users\raffy\AppData\Local\Programs\MiKTeX\tex/latex/00miktex\epstopdf-sys.c
fg
File: epstopdf-sys.cfg 2021/03/18 v2.0 Configuration of epstopdf for MiKTeX
))
Package hyperref Info: Link coloring OFF on input line 144.
 (thesis.out) (thesis.out)
\@outlinefile=\write6
\openout6 = `thesis.out'.


(C:\Users\raffy\AppData\Local\Programs\MiKTeX\tex/latex/translations/dicts\tran
slations-basic-dictionary-english.trsl
File: translations-basic-dictionary-english.trsl (english translation file `tra
nslations-basic-dictionary')
)
Package translations Info: loading dictionary `translations-basic-dictionary' f
or `english'. on input line 144.
Package caption Info: Begin \AtBeginDocument code.
Package caption Info: listings package is loaded.
Package caption Info: End \AtBeginDocument code.

Package pgfplots notification 'compat/show suggested version=true': document ha
s been generated with the most recent feature set (\pgfplotsset{compat=1.18}).

\c@lstlisting=\count564
Package biblatex Info: Trying to load language 'english'...
Package biblatex Info: ... file 'english.lbx' found.

(C:\Users\raffy\AppData\Local\Programs\MiKTeX\tex/latex/biblatex/lbx\english.lb
x
File: english.lbx 2025/07/10 v3.21 biblatex localization (PK/MW)
)
Package biblatex Info: Input encoding 'utf8' detected.
Package biblatex Info: Automatic encoding selection.
(biblatex)             Assuming data encoding 'utf8'.
\openout4 = `thesis.bcf'.

Package biblatex Info: Trying to load bibliographic data...
Package biblatex Info: ... file 'thesis.bbl' found.
 (thesis.bbl)
Package biblatex Info: Reference section=0 on input line 144.
Package biblatex Info: Reference segment=0 on input line 144.

*geometry* driver: auto-detecting
*geometry* detected driver: pdftex
*geometry* verbose mode - [ preamble ] result:
* driver: pdftex
* paper: a4paper
* layout: <same size as paper>
* layoutoffset:(h,v)=(0.0pt,0.0pt)
* modes: 
* h-part:(L,W,R)=(113.81102pt, 398.3386pt, 85.35826pt)
* v-part:(T,H,B)=(85.35826pt, 674.33032pt, 85.35826pt)
* \paperwidth=597.50787pt
* \paperheight=845.04684pt
* \textwidth=398.3386pt
* \textheight=674.33032pt
* \oddsidemargin=41.54103pt
* \evensidemargin=41.54103pt
* \topmargin=-11.91173pt
* \headheight=0.0pt
* \headsep=25.0pt
* \topskip=12.0pt
* \footskip=30.0pt
* \marginparwidth=35.0pt
* \marginparsep=10.0pt
* \columnsep=10.0pt
* \skip\footins=10.8pt plus 4.0pt minus 2.0pt
* \hoffset=0.0pt
* \voffset=0.0pt
* \mag=1000
* \@twocolumnfalse
* \@twosidefalse
* \@mparswitchfalse
* \@reversemarginfalse
* (1in=72.27pt=25.4mm, 1cm=28.453pt)


(C:\Users\raffy\AppData\Local\Programs\MiKTeX\tex/latex/pdflscape\pdflscape.sty
Package: pdflscape 2022-10-27 v0.13 Display of landscape pages in PDF

(C:\Users\raffy\AppData\Local\Programs\MiKTeX\tex/latex/pdflscape\pdflscape-nom
etadata.sty
Package: pdflscape-nometadata 2022-10-28 v0.13 Display of landscape pages in PD
F (HO)

(C:\Users\raffy\AppData\Local\Programs\MiKTeX\tex/latex/graphics\lscape.sty
Package: lscape 2020/05/28 v3.02 Landscape Pages (DPC)
)
Package pdflscape Info: Auto-detected driver: pdftex on input line 81.
))
Package newfloat Info: Trying Plan B...
Package newfloat Info: `float' package detected.

(_internals/sampul.tex
Package epstopdf Info: Source file: <_internals/makara.eps>
(epstopdf)                    date: 2026-06-08 10:28:07
(epstopdf)                    size: 67610 bytes
(epstopdf)             Output file: <_internals/makara-eps-converted-to.pdf>
(epstopdf)                    date: 2026-06-08 10:28:07
(epstopdf)                    size: 24322 bytes
(epstopdf)             Command: <miktex-epstopdf --outfile=_internals/makara-ep
s-converted-to.pdf _internals/makara.eps>
(epstopdf)             \includegraphics on input line 14.
Package epstopdf Info: Output file is already uptodate.
<_internals/makara-eps-converted-to.pdf, id=389, 219.82124pt x 219.82124pt>
File: _internals/makara-eps-converted-to.pdf Graphic file (type pdf)
<use _internals/makara-eps-converted-to.pdf>
Package pdftex.def Info: _internals/makara-eps-converted-to.pdf  used on input 
line 14.
(pdftex.def)             Requested size: 71.13188pt x 71.1291pt.
 [1

{C:/Users/raffy/AppData/Local/MiKTeX/fonts/map/pdftex/pdftex.map}{C:/Users/raff
y/AppData/Local/Programs/MiKTeX/fonts/enc/dvips/base/8r.enc} <./_internals/maka
ra-eps-converted-to.pdf>]) (_internals/judul_dalam.tex
Package epstopdf Info: Source file: <_internals/makara.eps>
(epstopdf)                    date: 2026-06-08 10:28:07
(epstopdf)                    size: 67610 bytes
(epstopdf)             Output file: <_internals/makara-eps-converted-to.pdf>
(epstopdf)                    date: 2026-06-08 10:28:07
(epstopdf)                    size: 24322 bytes
(epstopdf)             Command: <miktex-epstopdf --outfile=_internals/makara-ep
s-converted-to.pdf _internals/makara.eps>
(epstopdf)             \includegraphics on input line 12.
Package epstopdf Info: Output file is already uptodate.
File: _internals/makara-eps-converted-to.pdf Graphic file (type pdf)
<use _internals/makara-eps-converted-to.pdf>
Package pdftex.def Info: _internals/makara-eps-converted-to.pdf  used on input 
line 12.
(pdftex.def)             Requested size: 71.13188pt x 71.1291pt.
[1]) (src/00-front_matter/01-persetujuan.tex)
(src/00-front_matter/02-orisinalitas.tex
LaTeX Font Info:    Trying to load font information for OT1+ptmcm on input line
 17.

(C:\Users\raffy\AppData\Local\Programs\MiKTeX\tex/latex/psnfss\ot1ptmcm.fd
File: ot1ptmcm.fd 2000/01/03 Fontinst v1.801 font definitions for OT1/ptmcm.
)
LaTeX Font Info:    Trying to load font information for OML+ptmcm on input line
 17.

(C:\Users\raffy\AppData\Local\Programs\MiKTeX\tex/latex/psnfss\omlptmcm.fd
File: omlptmcm.fd 2000/01/03 Fontinst v1.801 font definitions for OML/ptmcm.
)
LaTeX Font Info:    Trying to load font information for OMX+psycm on input line
 17.

(C:\Users\raffy\AppData\Local\Programs\MiKTeX\tex/latex/psnfss\omxpsycm.fd
File: omxpsycm.fd 2000/01/03 Fontinst v1.801 font definitions for OMX/psycm.
)
LaTeX Font Info:    Trying to load font information for U+msa on input line 17.


(C:\Users\raffy\AppData\Local\Programs\MiKTeX\tex/latex/amsfonts\umsa.fd
File: umsa.fd 2013/01/14 v3.01 AMS symbols A
)
LaTeX Font Info:    Trying to load font information for U+msb on input line 17.


(C:\Users\raffy\AppData\Local\Programs\MiKTeX\tex/latex/amsfonts\umsb.fd
File: umsb.fd 2013/01/14 v3.01 AMS symbols B
)
LaTeX Font Info:    Font shape `OT1/ptm/bx/n' in size <12> not available
(Font)              Font shape `OT1/ptm/b/n' tried instead on input line 17.
LaTeX Font Info:    Font shape `OT1/ptm/bx/n' in size <9> not available
(Font)              Font shape `OT1/ptm/b/n' tried instead on input line 17.
LaTeX Font Info:    Font shape `OT1/ptm/bx/n' in size <7> not available
(Font)              Font shape `OT1/ptm/b/n' tried instead on input line 17.

[2

]) (src/00-front_matter/021-ai.tex [3

])
(src/00-front_matter/03-pengesahan_sidang.tex
Underfull \hbox (badness 7722) in paragraph at lines 19--20
[]|\T1/ptm/m/n/12 Pengembangan \T1/ptm/m/it/12 Joint Document-Level Sentimen-
 []


Overfull \hbox (14.74275pt too wide) in paragraph at lines 13--21
[] 
 []


Underfull \hbox (badness 10000) in paragraph at lines 13--21

 []


Underfull \hbox (badness 1596) in paragraph at lines 24--28
\T1/ptm/b/n/12 Telah berhasil diper-ta-hankan di hada-pan De-wan Pen-guji dan d
i-ter-ima
 []


Underfull \hbox (badness 10000) in paragraph at lines 24--28

 []


Overfull \hbox (58.95357pt too wide) in paragraph at lines 35--45
[][] 
 []


Underfull \hbox (badness 10000) in paragraph at lines 35--45

 []

[4

])

Package hyperref Warning: Token not allowed in a PDF string (Unicode):
(hyperref)                removing `\uppercase' on input line 181.

(src/00-front_matter/04-pengantar.tex [5

])
(src/00-front_matter/05-persetujuan_publikasi.tex

Package fancyhdr Warning: \headheight is too small (0.0pt): 
(fancyhdr)                Make it at least 14.49998pt, for example:
(fancyhdr)                \setlength{\headheight}{14.49998pt}.
(fancyhdr)                You might also make \topmargin smaller:
(fancyhdr)                \addtolength{\topmargin}{-14.49998pt}.

LaTeX Font Info:    Font shape `T1/phv/m/n' will be
(Font)              scaled to size 8.99994pt on input line 1.
LaTeX Font Info:    Font shape `T1/phv/b/n' will be
(Font)              scaled to size 8.99994pt on input line 1.
[6] [7

]) (src/00-front_matter/06-abstrak.tex [8

])
(src/00-front_matter/07-abstract.tex
<assets/pics/other/EngFlowchart.png, id=449, 324.46219pt x 444.91219pt>
File: assets/pics/other/EngFlowchart.png Graphic file (type png)
<use assets/pics/other/EngFlowchart.png>
Package pdftex.def Info: assets/pics/other/EngFlowchart.png  used on input line
 69.
(pdftex.def)             Requested size: 326.64055pt x 447.9321pt.
 [9

]

Package fancyhdr Warning: \headheight is too small (0.0pt): 
(fancyhdr)                Make it at least 14.49998pt, for example:
(fancyhdr)                \setlength{\headheight}{14.49998pt}.
(fancyhdr)                You might also make \topmargin smaller:
(fancyhdr)                \addtolength{\topmargin}{-14.49998pt}.

[10 <./assets/pics/other/EngFlowchart.png>]
LaTeX Font Info:    Font shape `OT1/ptm/bx/n' in size <10.95> not available
(Font)              Font shape `OT1/ptm/b/n' tried instead on input line 144.
LaTeX Font Info:    Font shape `OT1/ptm/bx/n' in size <8> not available
(Font)              Font shape `OT1/ptm/b/n' tried instead on input line 144.
LaTeX Font Info:    Font shape `OT1/ptm/bx/n' in size <6> not available
(Font)              Font shape `OT1/ptm/b/n' tried instead on input line 144.


Package fancyhdr Warning: \headheight is too small (0.0pt): 
(fancyhdr)                Make it at least 14.49998pt, for example:
(fancyhdr)                \setlength{\headheight}{14.49998pt}.
(fancyhdr)                You might also make \topmargin smaller:
(fancyhdr)                \addtolength{\topmargin}{-14.49998pt}.

[11]

Package fancyhdr Warning: \headheight is too small (0.0pt): 
(fancyhdr)                Make it at least 14.49998pt, for example:
(fancyhdr)                \setlength{\headheight}{14.49998pt}.
(fancyhdr)                You might also make \topmargin smaller:
(fancyhdr)                \addtolength{\topmargin}{-14.49998pt}.

[12])

Package hyperref Warning: Token not allowed in a PDF string (Unicode):
(hyperref)                removing `\uppercase' on input line 200.

(thesis.toc
Underfull \hbox (badness 2189) in paragraph at lines 4--4
 [][] []\T1/ptm/b/n/12 LEM-BAR PERNY-ATAAN PENG-GU-NAAN KE-CER-DASAN AR-TI- 
 []

[13

]
Underfull \hbox (badness 2418) in paragraph at lines 54--54
 [][] [][]\T1/ptm/b/n/12 METODE MODEL \T1/ptm/b/it/12 JOINT DOCUMENT-LEVEL SENT
IMENT- 
 []


Package fancyhdr Warning: \headheight is too small (0.0pt): 
(fancyhdr)                Make it at least 14.49998pt, for example:
(fancyhdr)                \setlength{\headheight}{14.49998pt}.
(fancyhdr)                You might also make \topmargin smaller:
(fancyhdr)                \addtolength{\topmargin}{-14.49998pt}.

[14]

Package fancyhdr Warning: \headheight is too small (0.0pt): 
(fancyhdr)                Make it at least 14.49998pt, for example:
(fancyhdr)                \setlength{\headheight}{14.49998pt}.
(fancyhdr)                You might also make \topmargin smaller:
(fancyhdr)                \addtolength{\topmargin}{-14.49998pt}.

[15])
\tf@toc=\write7
\openout7 = `thesis.toc'.



Package fancyhdr Warning: \headheight is too small (0.0pt): 
(fancyhdr)                Make it at least 14.49998pt, for example:
(fancyhdr)                \setlength{\headheight}{14.49998pt}.
(fancyhdr)                You might also make \topmargin smaller:
(fancyhdr)                \addtolength{\topmargin}{-14.49998pt}.

[16]

Package hyperref Warning: Token not allowed in a PDF string (Unicode):
(hyperref)                removing `\uppercase' on input line 203.

(thesis.lof
Underfull \hbox (badness 2556) in paragraph at lines 5--5
 [][] [][]\T1/ptm/m/it/12 Artificial Neu-ral Net-work \T1/ptm/m/n/12 de-ngan re
p-re-sen-tasi bobot 
 []


Underfull \hbox (badness 1127) in paragraph at lines 8--8
 [][] [][]\T1/ptm/m/n/12 Ilustrasi graf kom-putasi pada proses \T1/ptm/m/it/12 
back-prop-a-ga-tion 
 []


Underfull \hbox (badness 1297) in paragraph at lines 9--9
 [][] [][]\T1/ptm/m/n/12 Ilustrasi \T1/ptm/m/it/12 bias-variance trade-off \T1/
ptm/m/n/12 ter-hadap kom-plek-si-tas 
 []


Underfull \hbox (badness 1215) in paragraph at lines 10--10
 [][] [][]\T1/ptm/m/n/12 Arsitektur \T1/ptm/m/it/12 au-toen-coder \T1/ptm/m/n/1
2 me-nun-jukkan proses \T1/ptm/m/it/12 en-cod-ing 
 []

[17


])
\tf@lof=\write8
\openout8 = `thesis.lof'.



Package fancyhdr Warning: \headheight is too small (0.0pt): 
(fancyhdr)                Make it at least 14.49998pt, for example:
(fancyhdr)                \setlength{\headheight}{14.49998pt}.
(fancyhdr)                You might also make \topmargin smaller:
(fancyhdr)                \addtolength{\topmargin}{-14.49998pt}.

[18]

Package hyperref Warning: Token not allowed in a PDF string (Unicode):
(hyperref)                removing `\uppercase' on input line 206.

(thesis.lot)
\tf@lot=\write9
\openout9 = `thesis.lot'.

 [19


] (src/01-body/01-bab1.tex
BAB 1.

Package hyperref Warning: Token not allowed in a PDF string (Unicode):
(hyperref)                removing `\uppercase' on input line 2.

Package newfloat Info: Setting Plan B file extension to `lof'... on input line 
2.

pdfTeX warning (ext4): destination with the same identifier (name{page.1}) has 
been already used, duplicate ignored
<to be read again> 
                   \relax 
l.53 
      [1


]

Package fancyhdr Warning: \headheight is too small (0.0pt): 
(fancyhdr)                Make it at least 14.49998pt, for example:
(fancyhdr)                \setlength{\headheight}{14.49998pt}.
(fancyhdr)                You might also make \topmargin smaller:
(fancyhdr)                \addtolength{\topmargin}{-14.49998pt}.

[2]
Underfull \hbox (badness 1024) in paragraph at lines 123--137
\T1/ptm/m/it/12 Document-Level Sentiment-Topic \T1/ptm/m/n/12 berba-sis \T1/ptm
/m/it/12 Deep Em-bed-ded Clus-ter-ing \T1/ptm/m/n/12 (JDST-
 []


Package fancyhdr Warning: \headheight is too small (0.0pt): 
(fancyhdr)                Make it at least 14.49998pt, for example:
(fancyhdr)                \setlength{\headheight}{14.49998pt}.
(fancyhdr)                You might also make \topmargin smaller:
(fancyhdr)                \addtolength{\topmargin}{-14.49998pt}.

[3]
Underfull \hbox (badness 1242) in paragraph at lines 179--180
[]\T1/ptm/m/n/12 Membandingkan kin-erja model JDST-DEC de-ngan metode se-belum-
nya
 []


Underfull \hbox (badness 1122) in paragraph at lines 184--186
[]\T1/ptm/m/n/12 Penelitian ini di-hara-p-kan da-pat mem-berikan man-faat baik 
se-cara teo-retis
 []


Package fancyhdr Warning: \headheight is too small (0.0pt): 
(fancyhdr)                Make it at least 14.49998pt, for example:
(fancyhdr)                \setlength{\headheight}{14.49998pt}.
(fancyhdr)                You might also make \topmargin smaller:
(fancyhdr)                \addtolength{\topmargin}{-14.49998pt}.

[4]) (src/01-body/02-bab2.tex

Package fancyhdr Warning: \headheight is too small (0.0pt): 
(fancyhdr)                Make it at least 14.49998pt, for example:
(fancyhdr)                \setlength{\headheight}{14.49998pt}.
(fancyhdr)                You might also make \topmargin smaller:
(fancyhdr)                \addtolength{\topmargin}{-14.49998pt}.

[5]
BAB 2.

Package hyperref Warning: Token not allowed in a PDF string (Unicode):
(hyperref)                removing `\uppercase' on input line 2.

[6

]

Package fancyhdr Warning: \headheight is too small (0.0pt): 
(fancyhdr)                Make it at least 14.49998pt, for example:
(fancyhdr)                \setlength{\headheight}{14.49998pt}.
(fancyhdr)                You might also make \topmargin smaller:
(fancyhdr)                \addtolength{\topmargin}{-14.49998pt}.

[7]
<assets/pics/Aggarwal/Dendrit (Biological Neural Nework).png, id=982, 291.0875p
t x 92.345pt>
File: assets/pics/Aggarwal/Dendrit (Biological Neural Nework).png Graphic file 
(type png)
<use assets/pics/Aggarwal/Dendrit (Biological Neural Nework).png>
Package pdftex.def Info: assets/pics/Aggarwal/Dendrit (Biological Neural Nework
).png  used on input line 103.
(pdftex.def)             Requested size: 191.20082pt x 60.65761pt.
<assets/pics/Aggarwal/NN ML.png, id=985, 158.5925pt x 115.43124pt>
File: assets/pics/Aggarwal/NN ML.png Graphic file (type png)
<use assets/pics/Aggarwal/NN ML.png>
Package pdftex.def Info: assets/pics/Aggarwal/NN ML.png  used on input line 111
.
(pdftex.def)             Requested size: 191.20082pt x 139.17729pt.
<assets/pics/Aggarwal/Multi Layer Bias.png, id=989, 256.96pt x 142.5325pt>
File: assets/pics/Aggarwal/Multi Layer Bias.png Graphic file (type png)
<use assets/pics/Aggarwal/Multi Layer Bias.png>
Package pdftex.def Info: assets/pics/Aggarwal/Multi Layer Bias.png  used on inp
ut line 147.
(pdftex.def)             Requested size: 278.83578pt x 154.67876pt.


Package fancyhdr Warning: \headheight is too small (0.0pt): 
(fancyhdr)                Make it at least 14.49998pt, for example:
(fancyhdr)                \setlength{\headheight}{14.49998pt}.
(fancyhdr)                You might also make \topmargin smaller:
(fancyhdr)                \addtolength{\topmargin}{-14.49998pt}.

[8 <./assets/pics/Aggarwal/Dendrit (Biological Neural Nework).png (PNG copy)> <
./assets/pics/Aggarwal/NN ML.png (PNG copy)>]

Package fancyhdr Warning: \headheight is too small (0.0pt): 
(fancyhdr)                Make it at least 14.49998pt, for example:
(fancyhdr)                \setlength{\headheight}{14.49998pt}.
(fancyhdr)                You might also make \topmargin smaller:
(fancyhdr)                \addtolength{\topmargin}{-14.49998pt}.

[9 <./assets/pics/Aggarwal/Multi Layer Bias.png (PNG copy)>]
LaTeX Font Info:    Font shape `OT1/ptm/bx/n' in size <10> not available
(Font)              Font shape `OT1/ptm/b/n' tried instead on input line 278.
LaTeX Font Info:    Font shape `OT1/ptm/bx/n' in size <7.4> not available
(Font)              Font shape `OT1/ptm/b/n' tried instead on input line 278.


Package fancyhdr Warning: \headheight is too small (0.0pt): 
(fancyhdr)                Make it at least 14.49998pt, for example:
(fancyhdr)                \setlength{\headheight}{14.49998pt}.
(fancyhdr)                You might also make \topmargin smaller:
(fancyhdr)                \addtolength{\topmargin}{-14.49998pt}.

[10]
<assets/pics/Aggarwal/NN Backprop.png, id=1020, 435.6275pt x 171.64125pt>
File: assets/pics/Aggarwal/NN Backprop.png Graphic file (type png)
<use assets/pics/Aggarwal/NN Backprop.png>
Package pdftex.def Info: assets/pics/Aggarwal/NN Backprop.png  used on input li
ne 329.
(pdftex.def)             Requested size: 239.00558pt x 94.16986pt.


Package fancyhdr Warning: \headheight is too small (0.0pt): 
(fancyhdr)                Make it at least 14.49998pt, for example:
(fancyhdr)                \setlength{\headheight}{14.49998pt}.
(fancyhdr)                You might also make \topmargin smaller:
(fancyhdr)                \addtolength{\topmargin}{-14.49998pt}.

[11]

Package fancyhdr Warning: \headheight is too small (0.0pt): 
(fancyhdr)                Make it at least 14.49998pt, for example:
(fancyhdr)                \setlength{\headheight}{14.49998pt}.
(fancyhdr)                You might also make \topmargin smaller:
(fancyhdr)                \addtolength{\topmargin}{-14.49998pt}.

[12 <./assets/pics/Aggarwal/NN Backprop.png (PNG copy)>]

Package fancyhdr Warning: \headheight is too small (0.0pt): 
(fancyhdr)                Make it at least 14.49998pt, for example:
(fancyhdr)                \setlength{\headheight}{14.49998pt}.
(fancyhdr)                You might also make \topmargin smaller:
(fancyhdr)                \addtolength{\topmargin}{-14.49998pt}.

[13]
<assets/pics/Aggarwal/NN Regularization.png, id=1056, 616.3025pt x 457.71pt>
File: assets/pics/Aggarwal/NN Regularization.png Graphic file (type png)
<use assets/pics/Aggarwal/NN Regularization.png>
Package pdftex.def Info: assets/pics/Aggarwal/NN Regularization.png  used on in
put line 495.
(pdftex.def)             Requested size: 239.00558pt x 177.50047pt.


Package fancyhdr Warning: \headheight is too small (0.0pt): 
(fancyhdr)                Make it at least 14.49998pt, for example:
(fancyhdr)                \setlength{\headheight}{14.49998pt}.
(fancyhdr)                You might also make \topmargin smaller:
(fancyhdr)                \addtolength{\topmargin}{-14.49998pt}.

[14 <./assets/pics/Aggarwal/NN Regularization.png (PNG copy)>]

Package fancyhdr Warning: \headheight is too small (0.0pt): 
(fancyhdr)                Make it at least 14.49998pt, for example:
(fancyhdr)                \setlength{\headheight}{14.49998pt}.
(fancyhdr)                You might also make \topmargin smaller:
(fancyhdr)                \addtolength{\topmargin}{-14.49998pt}.

[15]

Package fancyhdr Warning: \headheight is too small (0.0pt): 
(fancyhdr)                Make it at least 14.49998pt, for example:
(fancyhdr)                \setlength{\headheight}{14.49998pt}.
(fancyhdr)                You might also make \topmargin smaller:
(fancyhdr)                \addtolength{\topmargin}{-14.49998pt}.

[16]

Package fancyhdr Warning: \headheight is too small (0.0pt): 
(fancyhdr)                Make it at least 14.49998pt, for example:
(fancyhdr)                \setlength{\headheight}{14.49998pt}.
(fancyhdr)                You might also make \topmargin smaller:
(fancyhdr)                \addtolength{\topmargin}{-14.49998pt}.

[17]
<assets/pics/Aggarwal/Autoencoder.png, id=1100, 335.2525pt x 177.66376pt>
File: assets/pics/Aggarwal/Autoencoder.png Graphic file (type png)
<use assets/pics/Aggarwal/Autoencoder.png>
Package pdftex.def Info: assets/pics/Aggarwal/Autoencoder.png  used on input li
ne 766.
(pdftex.def)             Requested size: 298.75394pt x 158.32085pt.


Package fancyhdr Warning: \headheight is too small (0.0pt): 
(fancyhdr)                Make it at least 14.49998pt, for example:
(fancyhdr)                \setlength{\headheight}{14.49998pt}.
(fancyhdr)                You might also make \topmargin smaller:
(fancyhdr)                \addtolength{\topmargin}{-14.49998pt}.

[18 <./assets/pics/Aggarwal/Autoencoder.png (PNG copy)>]

Package fancyhdr Warning: \headheight is too small (0.0pt): 
(fancyhdr)                Make it at least 14.49998pt, for example:
(fancyhdr)                \setlength{\headheight}{14.49998pt}.
(fancyhdr)                You might also make \topmargin smaller:
(fancyhdr)                \addtolength{\topmargin}{-14.49998pt}.

[19]
<assets/pics/BERT/bert_representation.png, id=1119, 494.84875pt x 154.5775pt>
File: assets/pics/BERT/bert_representation.png Graphic file (type png)
<use assets/pics/BERT/bert_representation.png>
Package pdftex.def Info: assets/pics/BERT/bert_representation.png  used on inpu
t line 856.
(pdftex.def)             Requested size: 358.50229pt x 111.98679pt.


Package fancyhdr Warning: \headheight is too small (0.0pt): 
(fancyhdr)                Make it at least 14.49998pt, for example:
(fancyhdr)                \setlength{\headheight}{14.49998pt}.
(fancyhdr)                You might also make \topmargin smaller:
(fancyhdr)                \addtolength{\topmargin}{-14.49998pt}.

[20 <./assets/pics/BERT/bert_representation.png>]
<assets/pics/BERT/Encoder_Stack_BERT.png, id=1130, 853.1875pt x 678.535pt>
File: assets/pics/BERT/Encoder_Stack_BERT.png Graphic file (type png)
<use assets/pics/BERT/Encoder_Stack_BERT.png>
Package pdftex.def Info: assets/pics/BERT/Encoder_Stack_BERT.png  used on input
 line 880.
(pdftex.def)             Requested size: 239.00558pt x 190.08168pt.
<assets/pics/BERT/Transfomer_Encoder_Layer.png, id=1134, 170.6375pt x 304.13625
pt>
File: assets/pics/BERT/Transfomer_Encoder_Layer.png Graphic file (type png)
<use assets/pics/BERT/Transfomer_Encoder_Layer.png>
Package pdftex.def Info: assets/pics/BERT/Transfomer_Encoder_Layer.png  used on
 input line 894.
(pdftex.def)             Requested size: 119.50279pt x 213.00066pt.


Package fancyhdr Warning: \headheight is too small (0.0pt): 
(fancyhdr)                Make it at least 14.49998pt, for example:
(fancyhdr)                \setlength{\headheight}{14.49998pt}.
(fancyhdr)                You might also make \topmargin smaller:
(fancyhdr)                \addtolength{\topmargin}{-14.49998pt}.

[21 <./assets/pics/BERT/Encoder_Stack_BERT.png>]

Package fancyhdr Warning: \headheight is too small (0.0pt): 
(fancyhdr)                Make it at least 14.49998pt, for example:
(fancyhdr)                \setlength{\headheight}{14.49998pt}.
(fancyhdr)                You might also make \topmargin smaller:
(fancyhdr)                \addtolength{\topmargin}{-14.49998pt}.

[22 <./assets/pics/BERT/Transfomer_Encoder_Layer.png>]
<assets/pics/BERT/transformer_attention.png.png, id=1155, 188.705pt x 237.88875
pt>
File: assets/pics/BERT/transformer_attention.png.png Graphic file (type png)
<use assets/pics/BERT/transformer_attention.png.png>
Package pdftex.def Info: assets/pics/BERT/transformer_attention.png.png  used o
n input line 931.
(pdftex.def)             Requested size: 119.50279pt x 150.64749pt.


Package fancyhdr Warning: \headheight is too small (0.0pt): 
(fancyhdr)                Make it at least 14.49998pt, for example:
(fancyhdr)                \setlength{\headheight}{14.49998pt}.
(fancyhdr)                You might also make \topmargin smaller:
(fancyhdr)                \addtolength{\topmargin}{-14.49998pt}.

[23 <./assets/pics/BERT/transformer_attention.png.png (PNG copy)>]

Package fancyhdr Warning: \headheight is too small (0.0pt): 
(fancyhdr)                Make it at least 14.49998pt, for example:
(fancyhdr)                \setlength{\headheight}{14.49998pt}.
(fancyhdr)                You might also make \topmargin smaller:
(fancyhdr)                \addtolength{\topmargin}{-14.49998pt}.

[24]

Package fancyhdr Warning: \headheight is too small (0.0pt): 
(fancyhdr)                Make it at least 14.49998pt, for example:
(fancyhdr)                \setlength{\headheight}{14.49998pt}.
(fancyhdr)                You might also make \topmargin smaller:
(fancyhdr)                \addtolength{\topmargin}{-14.49998pt}.

[25]

Package fancyhdr Warning: \headheight is too small (0.0pt): 
(fancyhdr)                Make it at least 14.49998pt, for example:
(fancyhdr)                \setlength{\headheight}{14.49998pt}.
(fancyhdr)                You might also make \topmargin smaller:
(fancyhdr)                \addtolength{\topmargin}{-14.49998pt}.

[26]

Package fancyhdr Warning: \headheight is too small (0.0pt): 
(fancyhdr)                Make it at least 14.49998pt, for example:
(fancyhdr)                \setlength{\headheight}{14.49998pt}.
(fancyhdr)                You might also make \topmargin smaller:
(fancyhdr)                \addtolength{\topmargin}{-14.49998pt}.

[27]

Package fancyhdr Warning: \headheight is too small (0.0pt): 
(fancyhdr)                Make it at least 14.49998pt, for example:
(fancyhdr)                \setlength{\headheight}{14.49998pt}.
(fancyhdr)                You might also make \topmargin smaller:
(fancyhdr)                \addtolength{\topmargin}{-14.49998pt}.

[28]

Package fancyhdr Warning: \headheight is too small (0.0pt): 
(fancyhdr)                Make it at least 14.49998pt, for example:
(fancyhdr)                \setlength{\headheight}{14.49998pt}.
(fancyhdr)                You might also make \topmargin smaller:
(fancyhdr)                \addtolength{\topmargin}{-14.49998pt}.

[29]

Package fancyhdr Warning: \headheight is too small (0.0pt): 
(fancyhdr)                Make it at least 14.49998pt, for example:
(fancyhdr)                \setlength{\headheight}{14.49998pt}.
(fancyhdr)                You might also make \topmargin smaller:
(fancyhdr)                \addtolength{\topmargin}{-14.49998pt}.

[30]) (src/01-body/03-bab3.tex

Package fancyhdr Warning: \headheight is too small (0.0pt): 
(fancyhdr)                Make it at least 14.49998pt, for example:
(fancyhdr)                \setlength{\headheight}{14.49998pt}.
(fancyhdr)                You might also make \topmargin smaller:
(fancyhdr)                \addtolength{\topmargin}{-14.49998pt}.

[31]
BAB 3.

Package hyperref Warning: Token not allowed in a PDF string (Unicode):
(hyperref)                removing `\uppercase' on input line 2.

<assets/pics/MTL/Final Model.png, id=1254, 572.89032pt x 178.41656pt>
File: assets/pics/MTL/Final Model.png Graphic file (type png)
<use assets/pics/MTL/Final Model.png>
Package pdftex.def Info: assets/pics/MTL/Final Model.png  used on input line 22
.
(pdftex.def)             Requested size: 358.50229pt x 111.65163pt.
[32

 <./assets/pics/MTL/Final Model.png>]
<assets/pics/BERT/BERT Rep-2.png, id=1262, 230.36063pt x 129.98563pt>
File: assets/pics/BERT/BERT Rep-2.png Graphic file (type png)
<use assets/pics/BERT/BERT Rep-2.png>
Package pdftex.def Info: assets/pics/BERT/BERT Rep-2.png  used on input line 58
.
(pdftex.def)             Requested size: 278.83578pt x 157.34853pt.


Package fancyhdr Warning: \headheight is too small (0.0pt): 
(fancyhdr)                Make it at least 14.49998pt, for example:
(fancyhdr)                \setlength{\headheight}{14.49998pt}.
(fancyhdr)                You might also make \topmargin smaller:
(fancyhdr)                \addtolength{\topmargin}{-14.49998pt}.

[33 <./assets/pics/BERT/BERT Rep-2.png>]
LaTeX Font Info:    Trying to load font information for TS1+ptm on input line 1
06.

(C:\Users\raffy\AppData\Local\Programs\MiKTeX\tex/latex/psnfss\ts1ptm.fd
File: ts1ptm.fd 2001/06/04 font definitions for TS1/ptm.
)

Package fancyhdr Warning: \headheight is too small (0.0pt): 
(fancyhdr)                Make it at least 14.49998pt, for example:
(fancyhdr)                \setlength{\headheight}{14.49998pt}.
(fancyhdr)                You might also make \topmargin smaller:
(fancyhdr)                \addtolength{\topmargin}{-14.49998pt}.

[34]

Package fancyhdr Warning: \headheight is too small (0.0pt): 
(fancyhdr)                Make it at least 14.49998pt, for example:
(fancyhdr)                \setlength{\headheight}{14.49998pt}.
(fancyhdr)                You might also make \topmargin smaller:
(fancyhdr)                \addtolength{\topmargin}{-14.49998pt}.

[35]
<assets/pics/Autoencoder/Autoencoder0.png, id=1290, 287.57437pt x 268.75406pt>
File: assets/pics/Autoencoder/Autoencoder0.png Graphic file (type png)
<use assets/pics/Autoencoder/Autoencoder0.png>
Package pdftex.def Info: assets/pics/Autoencoder/Autoencoder0.png  used on inpu
t line 184.
(pdftex.def)             Requested size: 152.225pt x 142.26378pt.
<assets/pics/Autoencoder/Autoencoder1.png, id=1291, 165.61874pt x 267.24844pt>
File: assets/pics/Autoencoder/Autoencoder1.png Graphic file (type png)
<use assets/pics/Autoencoder/Autoencoder1.png>
Package pdftex.def Info: assets/pics/Autoencoder/Autoencoder1.png  used on inpu
t line 191.
(pdftex.def)             Requested size: 88.16669pt x 142.26378pt.


Package fancyhdr Warning: \headheight is too small (0.0pt): 
(fancyhdr)                Make it at least 14.49998pt, for example:
(fancyhdr)                \setlength{\headheight}{14.49998pt}.
(fancyhdr)                You might also make \topmargin smaller:
(fancyhdr)                \addtolength{\topmargin}{-14.49998pt}.

[36 <./assets/pics/Autoencoder/Autoencoder0.png> <./assets/pics/Autoencoder/Aut
oencoder1.png>]

Package fancyhdr Warning: \headheight is too small (0.0pt): 
(fancyhdr)                Make it at least 14.49998pt, for example:
(fancyhdr)                \setlength{\headheight}{14.49998pt}.
(fancyhdr)                You might also make \topmargin smaller:
(fancyhdr)                \addtolength{\topmargin}{-14.49998pt}.

[37]

Package fancyhdr Warning: \headheight is too small (0.0pt): 
(fancyhdr)                Make it at least 14.49998pt, for example:
(fancyhdr)                \setlength{\headheight}{14.49998pt}.
(fancyhdr)                You might also make \topmargin smaller:
(fancyhdr)                \addtolength{\topmargin}{-14.49998pt}.

[38]
Underfull \hbox (badness 2744) in paragraph at lines 428--436
[]\T1/ptm/m/n/12 Pendekatan \T1/ptm/m/it/12 mul-ti-task \T1/ptm/m/n/12 me-mung-
kin-kan rep-re-sen-tasi laten dipela-jari se-cara
 []


Package fancyhdr Warning: \headheight is too small (0.0pt): 
(fancyhdr)                Make it at least 14.49998pt, for example:
(fancyhdr)                \setlength{\headheight}{14.49998pt}.
(fancyhdr)                You might also make \topmargin smaller:
(fancyhdr)                \addtolength{\topmargin}{-14.49998pt}.

[39]
LaTeX Font Info:    Font shape `OT1/ptm/bx/n' in size <5> not available
(Font)              Font shape `OT1/ptm/b/n' tried instead on input line 489.


Package fancyhdr Warning: \headheight is too small (0.0pt): 
(fancyhdr)                Make it at least 14.49998pt, for example:
(fancyhdr)                \setlength{\headheight}{14.49998pt}.
(fancyhdr)                You might also make \topmargin smaller:
(fancyhdr)                \addtolength{\topmargin}{-14.49998pt}.

[40]
Underfull \hbox (badness 1342) in paragraph at lines 617--618
[]\T1/ptm/m/n/12 Pada tahap pelati-han \T1/ptm/m/it/12 joint\T1/ptm/m/n/12 , mo
del diop-ti-malkan meng-gu-nakan kom-bi-nasi
 []


Package fancyhdr Warning: \headheight is too small (0.0pt): 
(fancyhdr)                Make it at least 14.49998pt, for example:
(fancyhdr)                \setlength{\headheight}{14.49998pt}.
(fancyhdr)                You might also make \topmargin smaller:
(fancyhdr)                \addtolength{\topmargin}{-14.49998pt}.

[41]
Underfull \hbox (badness 3439) in paragraph at lines 646--649
\T1/ptm/m/n/12 Sementara itu, pa-ram-e-ter pada \T1/ptm/m/it/12 sen-ti-ment hea
d $\OT1/ptmcm/m/n/12 (\OT1/ptm/b/n/12 W[]\OML/ptmcm/m/it/12 ; \OT1/ptm/b/n/12 b
[]\OT1/ptmcm/m/n/12 )$ \T1/ptm/m/n/12 hanya diper-barui
 []


Package fancyhdr Warning: \headheight is too small (0.0pt): 
(fancyhdr)                Make it at least 14.49998pt, for example:
(fancyhdr)                \setlength{\headheight}{14.49998pt}.
(fancyhdr)                You might also make \topmargin smaller:
(fancyhdr)                \addtolength{\topmargin}{-14.49998pt}.

[42]

Package fancyhdr Warning: \headheight is too small (0.0pt): 
(fancyhdr)                Make it at least 14.49998pt, for example:
(fancyhdr)                \setlength{\headheight}{14.49998pt}.
(fancyhdr)                You might also make \topmargin smaller:
(fancyhdr)                \addtolength{\topmargin}{-14.49998pt}.

[43]

Package fancyhdr Warning: \headheight is too small (0.0pt): 
(fancyhdr)                Make it at least 14.49998pt, for example:
(fancyhdr)                \setlength{\headheight}{14.49998pt}.
(fancyhdr)                You might also make \topmargin smaller:
(fancyhdr)                \addtolength{\topmargin}{-14.49998pt}.

[44]
Underfull \hbox (badness 1215) in paragraph at lines 845--848
[]\T1/ptm/m/n/12 Untuk mem-per-oleh in-ter-pre-tasi pada level topik, skor atri
busi di-a-gre-gasi
 []

) (src/01-body/04-bab4.tex
Underfull \hbox (badness 1448) in paragraph at lines 880--2
\T1/ptm/m/n/12 Dalam im-ple-men-tasinya, kosakata yang dieval-u-asi di-batasi p
ada \T1/ptm/m/it/12 top-N \T1/ptm/m/n/12 kata
 []


Underfull \hbox (badness 1253) in paragraph at lines 880--2
\T1/ptm/m/n/12 berdasarkan ni-lai TF-IDF pada masing-masing klaster, se-hingga 
per-hi-tungan
 []


Package fancyhdr Warning: \headheight is too small (0.0pt): 
(fancyhdr)                Make it at least 14.49998pt, for example:
(fancyhdr)                \setlength{\headheight}{14.49998pt}.
(fancyhdr)                You might also make \topmargin smaller:
(fancyhdr)                \addtolength{\topmargin}{-14.49998pt}.

[45]
BAB 4.

Package hyperref Warning: Token not allowed in a PDF string (Unicode):
(hyperref)                removing `\uppercase' on input line 2.

<assets/pics/other/Flowchart.png, id=1388, 322.95656pt x 452.4403pt>
File: assets/pics/other/Flowchart.png Graphic file (type png)
<use assets/pics/other/Flowchart.png>
Package pdftex.def Info: assets/pics/other/Flowchart.png  used on input line 68
.
(pdftex.def)             Requested size: 338.59023pt x 474.36526pt.
[46

]

Package fancyhdr Warning: \headheight is too small (0.0pt): 
(fancyhdr)                Make it at least 14.49998pt, for example:
(fancyhdr)                \setlength{\headheight}{14.49998pt}.
(fancyhdr)                You might also make \topmargin smaller:
(fancyhdr)                \addtolength{\topmargin}{-14.49998pt}.

[47 <./assets/pics/other/Flowchart.png>]
Overfull \hbox (1.45302pt too wide) in paragraph at lines 133--134
[]|\T1/ptm/b/n/12 Label| 
 []


Package fancyhdr Warning: \headheight is too small (0.0pt): 
(fancyhdr)                Make it at least 14.49998pt, for example:
(fancyhdr)                \setlength{\headheight}{14.49998pt}.
(fancyhdr)                You might also make \topmargin smaller:
(fancyhdr)                \addtolength{\topmargin}{-14.49998pt}.

[48]
Overfull \hbox (1.45302pt too wide) in paragraph at lines 161--162
[]|\T1/ptm/b/n/12 Label| 
 []


Package fancyhdr Warning: \headheight is too small (0.0pt): 
(fancyhdr)                Make it at least 14.49998pt, for example:
(fancyhdr)                \setlength{\headheight}{14.49998pt}.
(fancyhdr)                You might also make \topmargin smaller:
(fancyhdr)                \addtolength{\topmargin}{-14.49998pt}.

[49]
Underfull \hbox (badness 1968) in paragraph at lines 203--206
[]\T1/ptm/m/it/12 Casefolding\T1/ptm/m/n/12 , yaitu meng-u-bah selu-ruh teks me
n-jadi hu-ruf ke-cil un-tuk
 []


Underfull \hbox (badness 1769) in paragraph at lines 240--242
\T1/ptm/m/n/12 mended to any-one who ap-pre-ci-ates
 []


Underfull \hbox (badness 10000) in paragraph at lines 243--244
[]|\T1/ptm/m/n/12 A com-plete waste of time.
 []


Underfull \hbox (badness 10000) in paragraph at lines 243--244
\T1/pcr/m/n/12 <br />\T1/ptm/m/n/12 Read the full re-view at
 []


Underfull \hbox (badness 1430) in paragraph at lines 249--250
[]|\T1/ptm/m/n/12 Hands down the BEST ra-men out-
 []


Underfull \hbox (badness 7238) in paragraph at lines 249--250
\T1/ptm/m/n/12 side of Japan :) The broth is
 []


Underfull \hbox (badness 5817) in paragraph at lines 249--250
\T1/ptm/m/n/12 in-cred-i-ble! Check the menu at
 []


Package fancyhdr Warning: \headheight is too small (0.0pt): 
(fancyhdr)                Make it at least 14.49998pt, for example:
(fancyhdr)                \setlength{\headheight}{14.49998pt}.
(fancyhdr)                You might also make \topmargin smaller:
(fancyhdr)                \addtolength{\topmargin}{-14.49998pt}.

[50]
Underfull \hbox (badness 10000) in paragraph at lines 294--295
[]|\T1/pcr/m/n/12 [101, 2019, 7927, 4902, 1996,
 []


Underfull \hbox (badness 10000) in paragraph at lines 327--327
[]|\T1/pcr/m/n/12 [101, 2019, 7927, 4902,
 []


Package fancyhdr Warning: \headheight is too small (0.0pt): 
(fancyhdr)                Make it at least 14.49998pt, for example:
(fancyhdr)                \setlength{\headheight}{14.49998pt}.
(fancyhdr)                You might also make \topmargin smaller:
(fancyhdr)                \addtolength{\topmargin}{-14.49998pt}.

[51]

Package fancyhdr Warning: \headheight is too small (0.0pt): 
(fancyhdr)                Make it at least 14.49998pt, for example:
(fancyhdr)                \setlength{\headheight}{14.49998pt}.
(fancyhdr)                You might also make \topmargin smaller:
(fancyhdr)                \addtolength{\topmargin}{-14.49998pt}.

[52]

Package fancyhdr Warning: \headheight is too small (0.0pt): 
(fancyhdr)                Make it at least 14.49998pt, for example:
(fancyhdr)                \setlength{\headheight}{14.49998pt}.
(fancyhdr)                You might also make \topmargin smaller:
(fancyhdr)                \addtolength{\topmargin}{-14.49998pt}.

[53]

Package fancyhdr Warning: \headheight is too small (0.0pt): 
(fancyhdr)                Make it at least 14.49998pt, for example:
(fancyhdr)                \setlength{\headheight}{14.49998pt}.
(fancyhdr)                You might also make \topmargin smaller:
(fancyhdr)                \addtolength{\topmargin}{-14.49998pt}.

[54]

Package fancyhdr Warning: \headheight is too small (0.0pt): 
(fancyhdr)                Make it at least 14.49998pt, for example:
(fancyhdr)                \setlength{\headheight}{14.49998pt}.
(fancyhdr)                You might also make \topmargin smaller:
(fancyhdr)                \addtolength{\topmargin}{-14.49998pt}.

[55]

Package fancyhdr Warning: \headheight is too small (0.0pt): 
(fancyhdr)                Make it at least 14.49998pt, for example:
(fancyhdr)                \setlength{\headheight}{14.49998pt}.
(fancyhdr)                You might also make \topmargin smaller:
(fancyhdr)                \addtolength{\topmargin}{-14.49998pt}.

[56]

Package fancyhdr Warning: \headheight is too small (0.0pt): 
(fancyhdr)                Make it at least 14.49998pt, for example:
(fancyhdr)                \setlength{\headheight}{14.49998pt}.
(fancyhdr)                You might also make \topmargin smaller:
(fancyhdr)                \addtolength{\topmargin}{-14.49998pt}.

[57]
Underfull \hbox (badness 1803) in paragraph at lines 692--697
[]\T1/ptm/m/n/12 Tahap pra-pelatihan di-lakukan un-tuk mem-ben-tuk rep-re-sen-t
asi laten awal
 []


Package fancyhdr Warning: \headheight is too small (0.0pt): 
(fancyhdr)                Make it at least 14.49998pt, for example:
(fancyhdr)                \setlength{\headheight}{14.49998pt}.
(fancyhdr)                You might also make \topmargin smaller:
(fancyhdr)                \addtolength{\topmargin}{-14.49998pt}.

[58] [59] [60]
<assets/pics/Other/fig1_actual_loss.png, id=1492, 787.3415pt x 313.17pt>
File: assets/pics/Other/fig1_actual_loss.png Graphic file (type png)
<use assets/pics/Other/fig1_actual_loss.png>
Package pdftex.def Info: assets/pics/Other/fig1_actual_loss.png  used on input 
line 982.
(pdftex.def)             Requested size: 398.3386pt x 158.44347pt.
 [61]
<assets/pics/Other/fig2_small_dataset.png, id=1499, 570.5315pt x 317.5865pt>
File: assets/pics/Other/fig2_small_dataset.png Graphic file (type png)
<use assets/pics/Other/fig2_small_dataset.png>
Package pdftex.def Info: assets/pics/Other/fig2_small_dataset.png  used on inpu
t line 1010.
(pdftex.def)             Requested size: 286.80426pt x 159.65544pt.
 [62 <./assets/pics/Other/fig1_actual_loss.png> <./assets/pics/Other/fig2_small
_dataset.png>]
<assets/pics/Other/fig_token_attribution_summary.png, id=1510, 1200.8865pt x 89
9.7615pt>
File: assets/pics/Other/fig_token_attribution_summary.png Graphic file (type pn
g)
<use assets/pics/Other/fig_token_attribution_summary.png>
Package pdftex.def Info: assets/pics/Other/fig_token_attribution_summary.png  u
sed on input line 1050.
(pdftex.def)             Requested size: 398.3386pt x 298.44615pt.
 [63] [64 <./assets/pics/Other/fig_token_attribution_summary.png>]) (src/01-bod
y/99-kesimpulan.tex [65]
BAB 5.
[66

]) [67] [68

]
Underfull \hbox (badness 1642) in paragraph at lines 233--233
[]\T1/ptm/m/n/12 Kyunghyun Cho \T1/ptm/m/it/12 et al. \T1/ptm/m/n/12 ``Learn-in
g Phrase Rep-re-sen-ta-tions us-ing RNN
 []


Underfull \hbox (badness 1776) in paragraph at lines 233--233
[]\T1/ptm/m/n/12 Ronan Col-lobert \T1/ptm/m/it/12 et al. \T1/ptm/m/n/12 ``Nat-u
-ral Lan-guage Pro-cess-ing (Al-most) from
 []

[69] [70] [71]
Underfull \hbox (badness 1418) in paragraph at lines 233--233
[]\T1/ptm/m/n/12 Leland McInnes, John Healy, dan James Melville. ``UMAP: Uni-fo
rm
 []

[72] [73] [74]
Underfull \hbox (badness 1097) in paragraph at lines 233--233
\T1/ptm/m/n/12 di-tional meth-ods to mod-ern deep learn-ing al-go-rithms''. \T1
/ptm/m/it/12 arXiv preprint
 []

[75] (_internals/markLampiran.tex [76]
pdfTeX warning (ext4): destination with the same identifier (name{page.1}) has 
been already used, duplicate ignored
<to be read again> 
                   \relax 
l.13 \end{titlepage}
                     [1]) (src/99-back_matter/lampiran.tex
Package hyperref Info: bookmark level for unknown lstlisting defaults to 0 on i
nput line 9.
 (src/code/data.py
LaTeX Font Info:    Font shape `T1/pcr/m/it' in size <6> not available
(Font)              Font shape `T1/pcr/m/sl' tried instead on input line 14.
LaTeX Font Info:    Trying to load font information for TS1+pcr on input line 4
6.

(C:\Users\raffy\AppData\Local\Programs\MiKTeX\tex/latex/psnfss\ts1pcr.fd
File: ts1pcr.fd 2001/06/04 font definitions for TS1/pcr.
)
pdfTeX warning (ext4): destination with the same identifier (name{page.2}) has 
been already used, duplicate ignored
<to be read again> 
                   \relax 
l.61  
             with torch.no_grad(): [2

]) (src/code/semtgpu.py
pdfTeX warning (ext4): destination with the same identifier (name{page.3}) has 
been already used, duplicate ignored
<to be read again> 
                   \relax 
l.1 from 
         __future__ import annotations [3]
pdfTeX warning (ext4): destination with the same identifier (name{page.4}) has 
been already used, duplicate ignored
<to be read again> 
                   \relax 
l.78 )
       [4]
pdfTeX warning (ext4): destination with the same identifier (name{page.5}) has 
been already used, duplicate ignored
<to be read again> 
                   \relax 
l.156  
              for m in self.modules(): [5]
pdfTeX warning (ext4): destination with the same identifier (name{page.6}) has 
been already used, duplicate ignored
<to be read again> 
                   \relax 
l.232  
              tok = tok.replace('##', '') [6]
pdfTeX warning (ext4): destination with the same identifier (name{page.7}) has 
been already used, duplicate ignored
<to be read again> 
                   \relax 
l.310  
              if Y_val is not None: [7]
pdfTeX warning (ext4): destination with the same identifier (name{page.8}) has 
been already used, duplicate ignored
<to be read again> 
                   \relax 
l.386  
              crit = nn.MSELoss() [8]
pdfTeX warning (ext4): destination with the same identifier (name{page.9}) has 
been already used, duplicate ignored
<to be read again> 
                   \relax 
l.463  
              from itertools import combinations [9]
pdfTeX warning (ext4): destination with the same identifier (name{page.10}) has
 been already used, duplicate ignored
<to be read again> 
                   \relax 
l.540  
              self.topic_mapping[cluster_id] = topic_name; return self [10]
pdfTeX warning (ext4): destination with the same identifier (name{page.11}) has
 been already used, duplicate ignored
<to be read again> 
                   \relax 
l.617  
                            fontsize=10, fontweight="bold", pad=8) [11]
pdfTeX warning (ext4): destination with the same identifier (name{page.12}) has
 been already used, duplicate ignored
<to be read again> 
                   \relax 
l.694  
                  mat  = vect.fit_transform(c_texts) [12]
pdfTeX warning (ext4): destination with the same identifier (name{page.13}) has
 been already used, duplicate ignored
<to be read again> 
                   \relax 
l.771  
          # -- compute_token_attribution_per_cluster_with_embeddings (v3.6) ...
[13]
pdfTeX warning (ext4): destination with the same identifier (name{page.14}) has
 been already used, duplicate ignored
<to be read again> 
                   \relax 
l.849  
                  stratified[cid] = {"neg": samp_neg, "pos": samp_pos} [14]
pdfTeX warning (ext4): destination with the same identifier (name{page.15}) has
 been already used, duplicate ignored
<to be read again> 
                   \relax 
l.925  
              self, [15]
pdfTeX warning (ext4): destination with the same identifier (name{page.16}) has
 been already used, duplicate ignored
<to be read again> 
                   \relax 
l.1002  
               if "pos_pool" in entry or "neg_pool" in entry: [16]
pdfTeX warning (ext4): destination with the same identifier (name{page.17}) has
 been already used, duplicate ignored
<to be read again> 
                   \relax 
l.1079  
               plt.tight_layout(rect=[0, 0, 1, 0.97]) [17]
pdfTeX warning (ext4): destination with the same identifier (name{page.18}) has
 been already used, duplicate ignored
<to be read again> 
                   \relax 
l.1156  
                   fontsize=12, fontweight="bold", color="#1C1C1C", y=1.02
[18]
pdfTeX warning (ext4): destination with the same identifier (name{page.19}) has
 been already used, duplicate ignored
<to be read again> 
                   \relax 
l.1233  
                   mpatches.Patch(facecolor=_COL_POS, alpha=0.85, [19]
pdfTeX warning (ext4): destination with the same identifier (name{page.20}) has
 been already used, duplicate ignored
<to be read again> 
                   \relax 
l.1310  
                   fontsize=12, fontweight="bold", color="#1C1C1C", y=1.02
[20]
pdfTeX warning (ext4): destination with the same identifier (name{page.21}) has
 been already used, duplicate ignored
<to be read again> 
                   \relax 
l.1387  
                   if len(clean) < 1: continue [21]
pdfTeX warning (ext4): destination with the same identifier (name{page.22}) has
 been already used, duplicate ignored
<to be read again> 
                   \relax 
l.1464  
                   except Exception: [22]
pdfTeX warning (ext4): destination with the same identifier (name{page.23}) has
 been already used, duplicate ignored
<to be read again> 
                   \relax 
l.1541  
               ig_n_steps:       int  = 50, [23]
pdfTeX warning (ext4): destination with the same identifier (name{page.24}) has
 been already used, duplicate ignored
<to be read again> 
                   \relax 
l.1618  
               idx_all   = np.random.permutation(N) [24]
pdfTeX warning (ext4): destination with the same identifier (name{page.25}) has
 been already used, duplicate ignored
<to be read again> 
                   \relax 
l.1695  
                   tot_L = Lc = Ls = 0.0          # Lr removed [25]
pdfTeX warning (ext4): destination with the same identifier (name{page.26}) has
 been already used, duplicate ignored
<to be read again> 
                   \relax 
l.1772  
                               print(f"  Supervised Train  ACC={cl_sup_tr['A...
[26]
pdfTeX warning (ext4): destination with the same identifier (name{page.27}) has
 been already used, duplicate ignored
<to be read again> 
                   \relax 
l.1849  
                               train_loader = DataLoader( [27]
pdfTeX warning (ext4): destination with the same identifier (name{page.28}) has
 been already used, duplicate ignored
<to be read again> 
                   \relax 
l.1926  
               if has_labels: [28]
pdfTeX warning (ext4): destination with the same identifier (name{page.29}) has
 been already used, duplicate ignored
<to be read again> 
                   \relax 
l.2003  
               if has_labels: [29]) (src/code/jstdec.py
pdfTeX warning (ext4): destination with the same identifier (name{page.30}) has
 been already used, duplicate ignored
<to be read again> 
                   \relax 
l.65  
         "his", "her", "their", "an", "at", "by", "from", [30]
pdfTeX warning (ext4): destination with the same identifier (name{page.31}) has
 been already used, duplicate ignored
<to be read again> 
                   \relax 
l.141  
          ) [31]) (src/code/bertopic.py
pdfTeX warning (ext4): destination with the same identifier (name{page.32}) has
 been already used, duplicate ignored
<to be read again> 
                   \relax 
l.31 #
       Config [32]
pdfTeX warning (ext4): destination with the same identifier (name{page.33}) has
 been already used, duplicate ignored
<to be read again> 
                   \relax 
l.108 def 
          clean_text(text: str) -> str: [33]
pdfTeX warning (ext4): destination with the same identifier (name{page.34}) has
 been already used, duplicate ignored
<to be read again> 
                   \relax 
l.184  
              if tid != -1: [34]
pdfTeX warning (ext4): destination with the same identifier (name{page.35}) has
 been already used, duplicate ignored
<to be read again> 
                   \relax 
l.261 print(
            results_df.to_string(float_format=lambda x: f"{x:.4f}")) [35])
(src/code/mltgui.py
pdfTeX warning (ext4): destination with the same identifier (name{page.36}) has
 been already used, duplicate ignored
<to be read again> 
                   \relax 
l.63  
         }, [36]
pdfTeX warning (ext4): destination with the same identifier (name{page.37}) has
 been already used, duplicate ignored
<to be read again> 
                   \relax 
l.140  
          def build(self, texts): [37]
pdfTeX warning (ext4): destination with the same identifier (name{page.38}) has
 been already used, duplicate ignored
<to be read again> 
                   \relax 
l.218 #
        Model Architecture [38]
pdfTeX warning (ext4): destination with the same identifier (name{page.39}) has
 been already used, duplicate ignored
<to be read again> 
                   \relax 
l.293  
                  words     = padded_docs[s_i] [39]
pdfTeX warning (ext4): destination with the same identifier (name{page.40}) has
 been already used, duplicate ignored
<to be read again> 
                   \relax 
l.370  
          word_freq, pair_freq = Counter(), Counter() [40]
pdfTeX warning (ext4): destination with the same identifier (name{page.41}) has
 been already used, duplicate ignored
<to be read again> 
                   \relax 
l.447  
                         test_size=0.2, device=DEVICE): [41]
pdfTeX warning (ext4): destination with the same identifier (name{page.42}) has
 been already used, duplicate ignored
<to be read again> 
                   \relax 
l.524  
                  "Topic_Diversity":  round(td, 4), [42]))
pdfTeX warning (ext4): destination with the same identifier (name{page.43}) has
 been already used, duplicate ignored
<to be read again> 
                   \relax 
l.244 \end{document}
                     [43]
runsystem(latexminted cleantemp  --timestamp 20260720201018 2EF71E68B4AD97F6304
80BCEBC1842FB)...disabled (restricted).

 (thesis.aux)
 ***********
LaTeX2e <2025-11-01>
L3 programming layer <2025-12-24>
 ***********


LaTeX Warning: There were multiply-defined labels.

Package rerunfilecheck Info: File `thesis.out' has not changed.
(rerunfilecheck)             Checksum: E07B970E3F023A18AB4A22698D08C1E1;19373.
Package logreq Info: Writing requests to 'thesis.run.xml'.
\openout1 = `thesis.run.xml'.

 ) 
Here is how much of TeX's memory you used:
 61950 strings out of 467871
 1409893 string characters out of 5418377
 4143148 words of memory out of 5000000
 86148 multiletter control sequences out of 15000+600000
 761183 words of font info for 252 fonts, out of 8000000 for 9000
 1210 hyphenation exceptions out of 8191
 99i,23n,131p,729b,2322s stack positions out of 10000i,1000n,20000p,200000b,200000s
<C:/Users/raffy/AppData/Local/Programs/MiKTeX/fonts/type1/public/amsfonts/cm/
cmex10.pfb><C:/Users/raffy/AppData/Local/Programs/MiKTeX/fonts/type1/public/ams
fonts/cmextra/cmex9.pfb><C:/Users/raffy/AppData/Local/Programs/MiKTeX/fonts/typ
e1/public/amsfonts/cm/cmmi10.pfb><C:/Users/raffy/AppData/Local/Programs/MiKTeX/
fonts/type1/public/amsfonts/cm/cmmib10.pfb><C:/Users/raffy/AppData/Local/Progra
ms/MiKTeX/fonts/type1/public/amsfonts/cmextra/cmmib8.pfb><C:/Users/raffy/AppDat
a/Local/Programs/MiKTeX/fonts/type1/public/amsfonts/cm/cmr10.pfb><C:/Users/raff
y/AppData/Local/Programs/MiKTeX/fonts/type1/public/amsfonts/cm/cmsy10.pfb><C:/U
sers/raffy/AppData/Local/Programs/MiKTeX/fonts/type1/public/amsfonts/symbols/ms
bm10.pfb><C:/Users/raffy/AppData/Local/Programs/MiKTeX/fonts/type1/urw/courier/
ucrb8a.pfb><C:/Users/raffy/AppData/Local/Programs/MiKTeX/fonts/type1/urw/courie
r/ucrr8a.pfb><C:/Users/raffy/AppData/Local/Programs/MiKTeX/fonts/type1/urw/cour
ier/ucrr8a.pfb><C:/Users/raffy/AppData/Local/Programs/MiKTeX/fonts/type1/urw/co
urier/ucrro8a.pfb><C:/Users/raffy/AppData/Local/Programs/MiKTeX/fonts/type1/urw
/helvetic/uhvb8a.pfb><C:/Users/raffy/AppData/Local/Programs/MiKTeX/fonts/type1/
urw/symbol/usyr.pfb><C:/Users/raffy/AppData/Local/Programs/MiKTeX/fonts/type1/u
rw/times/utmb8a.pfb><C:/Users/raffy/AppData/Local/Programs/MiKTeX/fonts/type1/u
rw/times/utmbi8a.pfb><C:/Users/raffy/AppData/Local/Programs/MiKTeX/fonts/type1/
urw/times/utmr8a.pfb><C:/Users/raffy/AppData/Local/Programs/MiKTeX/fonts/type1/
urw/times/utmri8a.pfb><C:/Users/raffy/AppData/Local/Programs/MiKTeX/fonts/type1
/urw/zapfchan/uzcmi8a.pfb>
Output written on thesis.pdf (139 pages, 2164200 bytes).
PDF statistics:
 5771 PDF objects out of 6186 (max. 8388607)
 3626 named destinations out of 4296 (max. 500000)
 881 words of extra memory for PDF output out of 10000 (max. 10000000)

